武器种类,时代,成本,移动映射成本损耗/H,交战映射成本损耗/H,编制宽度,组织度,侦查（10阶段）,防御（空军防御不用设计填0即可）,装甲厚度,火控（10阶段）,电子干扰（10阶段）,电子抗性（10阶段）,燃料容量,燃料每轮消耗,对地友伤（10阶段）,对地命中（10阶段）,对地穿甲穿透（10阶段）,对地压制（10阶段）,对空命中（10阶段）,对空伤害（10阶段）,对空装甲穿透（不用设计就是0即可）,对海命中（10阶段）,对海装甲穿透（10阶段）,海洋适应性,平原适应性,城市适应性,丘陵适应性,森林适应性,丛林适应性,山地适应性,沙漠适应性,沼泽适应性,可通行冰面湖泊适应性,酷暑适应性,炎热适应性,温和适应性,严寒适应性,极寒适应性,晴朗适应性,小雨适应性,暴雨适应性,小雪适应性,暴风雪适应性,沙尘暴适应性,大雾适应性,人力占用,速度（km/h）,血量,拦截（10阶段）,隐身（10阶段）,雷达强度（10阶段）,雷达半径(km),声呐强度（10阶段）,飞行距离（km）,飞行高度（10阶段）,对地伤害（10阶段）,对地探测（10阶段）,对海伤害（10阶段）,对潜伤害（10阶段）
轻型战斗机,二战,2000,0.002,0.005,2,37.267,0.004=0.011=0.019=0.025=0.035=0.031=0.022=0.013=0.007=0.004,0=0=0=0=0=0=0=0=0=0,7.478,0.004=0.011=0.019=0.025=0.035=0.031=0.022=0.013=0.007=0.004,0.005=0.013=0.023=0.03=0.042=0.037=0.026=0.016=0.008=0.004,0.005=0.013=0.023=0.03=0.042=0.037=0.026=0.016=0.008=0.004,4,0.048,0.001=0.002=0.006=0.011=0.016=0.02=0.018=0.014=0.009=0.004,0.006=0.016=0.027=0.035=0.049=0.043=0.03=0.019=0.01=0.005,0.519=1.384=2.378=3.113=4.324=3.805=2.681=1.643=0.865=0.432,1.081=2.883=4.954=6.486=9.008=7.927=5.585=3.423=1.802=0.901,0.011=0.021=0.03=0.04=0.049=0.047=0.04=0.03=0.021=0.011,3.171=6.053=8.936=11.818=14.413=13.692=11.818=8.936=6.053=3.171,0=0=0=0=0=0=0=0=0=0,0.006=0.016=0.027=0.035=0.049=0.043=0.03=0.019=0.01=0.005,0=2.3=5.75=11.5=19.55=23=20.7=16.1=9.2=4.6,0.97,0.97,0.91,0.91,0.91,0.91,0.91,0.91,0.66,0.91,0.91,0.91,0.97,0.91,0.66,0.97,0.91,0.66,0.91,0.66,0.66,0.91,1,500,39.249,0.009=0.018=0.026=0.034=0.042=0.04=0.034=0.026=0.018=0.009,0=0.001=0.004=0.007=0.014=0.024=0.033=0.035=0.032=0.024,0.002=0.005=0.013=0.023=0.034=0.042=0.038=0.029=0.019=0.009,174,0.005=0.013=0.023=0.03=0.042=0.037=0.026=0.016=0.008=0.004,1790,0.096=0.256=0.44=0.576=0.8=0.704=0.496=0.304=0.16=0.08,1.081=2.883=4.954=6.486=9.008=7.927=5.585=3.423=1.802=0.901,0.004=0.011=0.019=0.025=0.035=0.031=0.022=0.013=0.007=0.004,1.427=3.805=6.54=8.561=11.891=10.464=7.372=4.518=2.378=1.189,1.038=2.767=4.756=6.226=8.648=7.61=5.362=3.286=1.73=0.865
重型战斗机,二战,3500,0.002,0.005,2,37.8,0.004=0.011=0.019=0.025=0.035=0.031=0.022=0.013=0.007=0.004,0=0=0=0=0=0=0=0=0=0,7.653,0.004=0.011=0.019=0.025=0.035=0.031=0.022=0.013=0.007=0.004,0.005=0.013=0.023=0.03=0.042=0.037=0.026=0.016=0.008=0.004,0.005=0.013=0.023=0.03=0.042=0.037=0.026=0.016=0.008=0.004,7,0.084,0.001=0.002=0.006=0.011=0.016=0.02=0.018=0.014=0.009=0.004,0.006=0.016=0.027=0.035=0.049=0.043=0.03=0.019=0.01=0.005,0.554=1.477=2.538=3.322=4.614=4.061=2.861=1.753=0.923=0.461,1.154=3.076=5.287=6.922=9.613=8.46=5.96=3.653=1.923=0.961,0.011=0.021=0.03=0.04=0.049=0.047=0.04=0.03=0.021=0.011,3.384=6.46=9.536=12.613=15.381=14.612=12.613=9.536=6.46=3.384,0=0=0=0=0=0=0=0=0=0,0.006=0.016=0.027=0.035=0.049=0.043=0.03=0.019=0.01=0.005,0=2.3=5.75=11.5=19.55=23=20.7=16.1=9.2=4.6,0.97,0.97,0.91,0.91,0.91,0.91,0.91,0.91,0.66,0.91,0.91,0.91,0.97,0.91,0.66,0.97,0.91,0.66,0.91,0.66,0.66,0.91,1,600,39.927,0.009=0.018=0.026=0.034=0.042=0.04=0.034=0.026=0.018=0.009,0=0.001=0.004=0.007=0.014=0.024=0.033=0.035=0.032=0.024,0.002=0.005=0.013=0.023=0.034=0.042=0.038=0.029=0.019=0.009,174,0.005=0.013=0.023=0.03=0.042=0.037=0.026=0.016=0.008=0.004,1790,0.096=0.256=0.44=0.576=0.8=0.704=0.496=0.304=0.16=0.08,1.154=3.076=5.287=6.922=9.613=8.46=5.96=3.653=1.923=0.961,0.004=0.011=0.019=0.025=0.035=0.031=0.022=0.013=0.007=0.004,1.523=4.061=6.979=9.136=12.69=11.167=7.867=4.822=2.538=1.269,1.107=2.953=5.076=6.645=9.229=8.121=5.722=3.507=1.846=0.923
早期喷气机,二战,6000,0.002,0.005,2,38.314,0.004=0.011=0.019=0.025=0.035=0.031=0.022=0.013=0.007=0.004,0=0=0=0=0=0=0=0=0=0,7.821,0.004=0.011=0.019=0.025=0.035=0.031=0.022=0.013=0.007=0.004,0.005=0.013=0.023=0.03=0.042=0.037=0.026=0.016=0.008=0.004,0.005=0.013=0.023=0.03=0.042=0.037=0.026=0.016=0.008=0.004,12,0.144,0.001=0.002=0.006=0.011=0.016=0.02=0.018=0.014=0.009=0.004,0.006=0.016=0.027=0.035=0.049=0.043=0.03=0.019=0.01=0.005,0.587=1.566=2.692=3.524=4.895=4.307=3.035=1.86=0.979=0.489,1.224=3.263=5.608=7.342=10.197=8.974=6.322=3.875=2.039=1.02,0.011=0.021=0.03=0.04=0.049=0.047=0.04=0.03=0.021=0.011,3.589=6.853=10.116=13.379=16.315=15.5=13.379=10.116=6.853=3.589,0=0=0=0=0=0=0=0=0=0,0.006=0.016=0.027=0.035=0.049=0.043=0.03=0.019=0.01=0.005,0=2.3=5.75=11.5=19.55=23=20.7=16.1=9.2=4.6,0.97,0.97,0.91,0.91,0.91,0.91,0.91,0.91,0.66,0.91,0.91,0.91,0.97,0.91,0.66,0.97,0.91,0.66,0.91,0.66,0.66,0.91,1,800,40.581,0.009=0.018=0.026=0.034=0.042=0.04=0.034=0.026=0.018=0.009,0=0.001=0.004=0.007=0.014=0.024=0.033=0.035=0.032=0.024,0.002=0.005=0.013=0.023=0.034=0.042=0.038=0.029=0.019=0.009,174,0.005=0.013=0.023=0.03=0.042=0.037=0.026=0.016=0.008=0.004,1790,0.096=0.256=0.44=0.576=0.8=0.704=0.496=0.304=0.16=0.08,1.224=3.263=5.608=7.342=10.197=8.974=6.322=3.875=2.039=1.02,0.004=0.011=0.019=0.025=0.035=0.031=0.022=0.013=0.007=0.004,1.615=4.307=7.403=9.691=13.46=11.845=8.345=5.115=2.692=1.346,1.175=3.133=5.384=7.048=9.789=8.615=6.069=3.72=1.958=0.979
早期喷气机,冷战,12000,0.002,0.005,2,44.375,0.006=0.016=0.028=0.037=0.051=0.045=0.031=0.019=0.01=0.005,0=0=0=0=0=0=0=0=0=0,11.654,0.006=0.016=0.028=0.037=0.051=0.045=0.031=0.019=0.01=0.005,0.007=0.019=0.033=0.044=0.061=0.054=0.038=0.023=0.012=0.006,0.007=0.019=0.033=0.044=0.061=0.054=0.038=0.023=0.012=0.006,348,4.176,0.001=0.003=0.009=0.016=0.023=0.029=0.026=0.02=0.013=0.006,0.009=0.023=0.039=0.051=0.071=0.063=0.044=0.027=0.014=0.007,0.914=2.439=4.191=5.487=7.62=6.706=4.725=2.896=1.524=0.762,1.905=5.08=8.732=11.431=15.876=13.971=9.843=6.033=3.175=1.588,0.016=0.03=0.044=0.058=0.071=0.067=0.058=0.044=0.03=0.016,5.588=10.669=15.749=20.829=25.401=24.131=20.829=15.749=10.669=5.588,0=0=0=0=0=0=0=0=0=0,0.009=0.023=0.039=0.051=0.071=0.063=0.044=0.027=0.014=0.007,0=2.7=6.75=13.5=22.95=27=24.3=18.9=10.8=5.4,0.997,0.997,0.937,0.937,0.937,0.937,0.937,0.937,0.687,0.937,0.937,0.937,0.997,0.937,0.687,0.997,0.937,0.687,0.937,0.687,0.687,0.937,1,1000,45.023,0.013=0.026=0.038=0.05=0.061=0.058=0.05=0.038=0.026=0.013,0=0.002=0.005=0.01=0.02=0.036=0.048=0.051=0.046=0.036,0.003=0.007=0.019=0.033=0.049=0.061=0.055=0.043=0.027=0.013,208,0.007=0.019=0.033=0.044=0.061=0.054=0.038=0.023=0.012=0.006,2070,0.139=0.371=0.638=0.835=1.16=1.021=0.719=0.441=0.232=0.116,1.905=5.08=8.732=11.431=15.876=13.971=9.843=6.033=3.175=1.588,0.006=0.016=0.028=0.037=0.051=0.045=0.031=0.019=0.01=0.005,2.515=6.706=11.526=15.088=20.956=18.441=12.993=7.963=4.191=2.096,1.829=4.877=8.382=10.973=15.241=13.412=9.449=5.792=3.048=1.524
多用途战斗机,冷战,25000,0.002,0.005,2,45.076,0.006=0.016=0.028=0.037=0.051=0.045=0.031=0.019=0.01=0.005,0=0=0=0=0=0=0=0=0=0,11.987,0.006=0.016=0.028=0.037=0.051=0.045=0.031=0.019=0.01=0.005,0.007=0.019=0.033=0.044=0.061=0.054=0.038=0.023=0.012=0.006,0.007=0.019=0.033=0.044=0.061=0.054=0.038=0.023=0.012=0.006,725,8.7,0.001=0.003=0.009=0.016=0.023=0.029=0.026=0.02=0.013=0.006,0.009=0.023=0.039=0.051=0.071=0.063=0.044=0.027=0.014=0.007,0.981=2.616=4.496=5.886=8.175=7.194=5.068=3.106=1.635=0.817,2.044=5.45=9.367=12.262=17.031=14.987=10.559=6.472=3.406=1.703,0.016=0.03=0.044=0.058=0.071=0.067=0.058=0.044=0.03=0.016,5.995=11.445=16.894=22.344=27.249=25.887=22.344=16.894=11.445=5.995,0=0=0=0=0=0=0=0=0=0,0.009=0.023=0.039=0.051=0.071=0.063=0.044=0.027=0.014=0.007,0=2.7=6.75=13.5=22.95=27=24.3=18.9=10.8=5.4,0.997,0.997,0.937,0.937,0.937,0.937,0.937,0.937,0.687,0.937,0.937,0.937,0.997,0.937,0.687,0.997,0.937,0.687,0.937,0.687,0.687,0.937,1,1800,45.915,0.013=0.026=0.038=0.05=0.061=0.058=0.05=0.038=0.026=0.013,0=0.002=0.005=0.01=0.02=0.036=0.048=0.051=0.046=0.036,0.003=0.007=0.019=0.033=0.049=0.061=0.055=0.043=0.027=0.013,208,0.007=0.019=0.033=0.044=0.061=0.054=0.038=0.023=0.012=0.006,2070,0.139=0.371=0.638=0.835=1.16=1.021=0.719=0.441=0.232=0.116,2.044=5.45=9.367=12.262=17.031=14.987=10.559=6.472=3.406=1.703,0.006=0.016=0.028=0.037=0.051=0.045=0.031=0.019=0.01=0.005,2.698=7.194=12.364=16.186=22.48=19.783=13.938=8.543=4.496=2.248,1.962=5.232=8.992=11.772=16.349=14.388=10.137=6.213=3.27=1.635
多用途战斗机,现代,120000,0.002,0.005,2,53.174,0.008=0.022=0.039=0.05=0.07=0.062=0.043=0.027=0.014=0.007,0=0=0=0=0=0=0=0=0=0,17.514,0.008=0.022=0.039=0.05=0.07=0.062=0.043=0.027=0.014=0.007,0.01=0.027=0.046=0.06=0.084=0.074=0.052=0.032=0.017=0.008,0.01=0.027=0.046=0.06=0.084=0.074=0.052=0.032=0.017=0.008,48,0.576,0.002=0.005=0.013=0.022=0.032=0.04=0.036=0.028=0.018=0.009,0.012=0.031=0.054=0.071=0.098=0.086=0.061=0.037=0.02=0.01,1.549=4.131=7.101=9.295=12.91=11.361=8.004=4.906=2.582=1.291,3.228=8.607=14.793=19.365=26.896=23.669=16.676=10.221=5.379=2.69,0.022=0.041=0.061=0.08=0.098=0.093=0.08=0.061=0.041=0.022,9.467=18.074=26.681=35.288=43.034=40.882=35.288=26.681=18.074=9.467,0=0=0=0=0=0=0=0=0=0,0.012=0.031=0.054=0.071=0.098=0.086=0.061=0.037=0.02=0.01,0=3.2=8=16=27.2=32=28.8=22.4=12.8=6.4,1,1,0.97,0.97,0.97,0.97,0.97,0.97,0.72,0.97,0.97,0.97,1,0.97,0.72,1,0.97,0.72,0.97,0.72,0.72,0.97,1,2200,52.222,0.018=0.035=0.052=0.069=0.084=0.08=0.069=0.052=0.035=0.018,0=0.002=0.007=0.014=0.028=0.049=0.066=0.07=0.063=0.049,0.004=0.01=0.027=0.046=0.067=0.084=0.076=0.059=0.038=0.018,251,0.01=0.027=0.046=0.06=0.084=0.074=0.052=0.032=0.017=0.008,2420,0.192=0.512=0.88=1.152=1.6=1.408=0.992=0.608=0.32=0.16,3.228=8.607=14.793=19.365=26.896=23.669=16.676=10.221=5.379=2.69,0.008=0.022=0.039=0.05=0.07=0.062=0.043=0.027=0.014=0.007,4.26=11.361=19.527=25.562=35.503=31.242=22.012=13.491=7.101=3.55,3.098=8.262=14.201=18.591=25.82=22.722=16.009=9.812=5.164=2.582
对海轰炸机,二战,4000,0.002,0.005,2,37.927,0.004=0.011=0.019=0.025=0.035=0.031=0.022=0.013=0.007=0.004,0=0=0=0=0=0=0=0=0=0,7.694,0.004=0.011=0.019=0.025=0.035=0.031=0.022=0.013=0.007=0.004,0.005=0.013=0.023=0.03=0.042=0.037=0.026=0.016=0.008=0.004,0.005=0.013=0.023=0.03=0.042=0.037=0.026=0.016=0.008=0.004,8,0.096,0.001=0.002=0.006=0.011=0.016=0.02=0.018=0.014=0.009=0.004,0.006=0.016=0.027=0.035=0.049=0.043=0.03=0.019=0.01=0.005,0.562=1.499=2.576=3.372=4.684=4.122=2.904=1.78=0.937=0.468,1.171=3.123=5.367=7.026=9.758=8.587=6.05=3.708=1.952=0.976,0.011=0.021=0.03=0.04=0.049=0.047=0.04=0.03=0.021=0.011,1.288=2.459=3.63=4.801=5.855=5.562=4.801=3.63=2.459=1.288,0=0=0=0=0=0=0=0=0=0,0.006=0.016=0.027=0.035=0.049=0.043=0.03=0.019=0.01=0.005,0=2.3=5.75=11.5=19.55=23=20.7=16.1=9.2=4.6,0.97,0.97,0.91,0.91,0.91,0.91,0.91,0.91,0.66,0.91,0.91,0.91,0.97,0.91,0.66,0.97,0.91,0.66,0.91,0.66,0.66,0.91,1,400,40.089,0.009=0.018=0.026=0.034=0.042=0.04=0.034=0.026=0.018=0.009,0=0.001=0.004=0.007=0.014=0.024=0.033=0.035=0.032=0.024,0.002=0.005=0.013=0.023=0.034=0.042=0.038=0.029=0.019=0.009,174,0.005=0.013=0.023=0.03=0.042=0.037=0.026=0.016=0.008=0.004,3222,0.096=0.256=0.44=0.576=0.8=0.704=0.496=0.304=0.16=0.08,1.171=3.123=5.367=7.026=9.758=8.587=6.05=3.708=1.952=0.976,0.004=0.011=0.019=0.025=0.035=0.031=0.022=0.013=0.007=0.004,1.546=4.122=7.084=9.274=12.88=11.335=7.986=4.895=2.576=1.288,1.124=2.998=5.152=6.745=9.368=8.243=5.808=3.56=1.874=0.937
对海战斗机,二战,2500,0.002,0.005,2,37.479,0.004=0.011=0.019=0.025=0.035=0.031=0.022=0.013=0.007=0.004,0=0=0=0=0=0=0=0=0=0,7.548,0.004=0.011=0.019=0.025=0.035=0.031=0.022=0.013=0.007=0.004,0.005=0.013=0.023=0.03=0.042=0.037=0.026=0.016=0.008=0.004,0.005=0.013=0.023=0.03=0.042=0.037=0.026=0.016=0.008=0.004,5,0.06,0.001=0.002=0.006=0.011=0.016=0.02=0.018=0.014=0.009=0.004,0.006=0.016=0.027=0.035=0.049=0.043=0.03=0.019=0.01=0.005,0.533=1.421=2.442=3.197=4.44=3.907=2.753=1.687=0.888=0.444,1.11=2.96=5.087=6.659=9.249=8.139=5.734=3.515=1.85=0.925,0.011=0.021=0.03=0.04=0.049=0.047=0.04=0.03=0.021=0.011,3.256=6.215=9.175=12.135=14.799=14.059=12.135=9.175=6.215=3.256,0=0=0=0=0=0=0=0=0=0,0.006=0.016=0.027=0.035=0.049=0.043=0.03=0.019=0.01=0.005,0=2.3=5.75=11.5=19.55=23=20.7=16.1=9.2=4.6,0.97,0.97,0.91,0.91,0.91,0.91,0.91,0.91,0.66,0.91,0.91,0.91,0.97,0.91,0.66,0.97,0.91,0.66,0.91,0.66,0.66,0.91,1,550,39.519,0.009=0.018=0.026=0.034=0.042=0.04=0.034=0.026=0.018=0.009,0=0.001=0.004=0.007=0.014=0.024=0.033=0.035=0.032=0.024,0.002=0.005=0.013=0.023=0.034=0.042=0.038=0.029=0.019=0.009,174,0.005=0.013=0.023=0.03=0.042=0.037=0.026=0.016=0.008=0.004,1790,0.096=0.256=0.44=0.576=0.8=0.704=0.496=0.304=0.16=0.08,1.11=2.96=5.087=6.659=9.249=8.139=5.734=3.515=1.85=0.925,0.004=0.011=0.019=0.025=0.035=0.031=0.022=0.013=0.007=0.004,1.465=3.907=6.715=8.79=12.209=10.744=7.57=4.639=2.442=1.221,1.066=2.841=4.884=6.393=8.879=7.814=5.505=3.374=1.776=0.888
强击机,二战,1800,0.002,0.005,2,37.167,0.004=0.011=0.019=0.025=0.035=0.031=0.022=0.013=0.007=0.004,0=0=0=0=0=0=0=0=0=0,7.446,0.004=0.011=0.019=0.025=0.035=0.031=0.022=0.013=0.007=0.004,0.005=0.013=0.023=0.03=0.042=0.037=0.026=0.016=0.008=0.004,0.005=0.013=0.023=0.03=0.042=0.037=0.026=0.016=0.008=0.004,36,0.432,0.009=0.022=0.058=0.099=0.144=0.18=0.162=0.126=0.081=0.04,0.006=0.016=0.027=0.035=0.049=0.043=0.03=0.019=0.01=0.005,1.067=2.846=4.892=6.404=8.894=7.827=5.514=3.38=1.779=0.889,1.067=2.562=6.831=11.74=17.077=21.346=19.211=14.942=9.606=4.696,0.011=0.021=0.03=0.04=0.049=0.047=0.04=0.03=0.021=0.011,1.174=2.241=3.309=4.376=5.337=5.07=4.376=3.309=2.241=1.174,0=0=0=0=0=0=0=0=0=0,0.006=0.016=0.027=0.035=0.049=0.043=0.03=0.019=0.01=0.005,0=2.3=5.75=11.5=19.55=23=20.7=16.1=9.2=4.6,0.97,0.97,0.91,0.91,0.91,0.91,0.91,0.91,0.66,0.91,0.91,0.91,0.97,0.91,0.66,0.97,0.91,0.66,0.91,0.66,0.66,0.91,1,450,39.122,0.009=0.018=0.026=0.034=0.042=0.04=0.034=0.026=0.018=0.009,0=0.001=0.004=0.007=0.014=0.024=0.033=0.035=0.032=0.024,0.002=0.005=0.013=0.023=0.034=0.042=0.038=0.029=0.019=0.009,174,0.005=0.013=0.023=0.03=0.042=0.037=0.026=0.016=0.008=0.004,1790,0.096=0.256=0.44=0.576=0.8=0.704=0.496=0.304=0.16=0.08,1.067=2.562=6.831=11.74=17.077=21.346=19.211=14.942=9.606=4.696,0.004=0.011=0.019=0.025=0.035=0.031=0.022=0.013=0.007=0.004,1.409=3.757=6.457=8.453=11.74=10.331=7.279=4.461=2.348=1.174,1.025=2.732=4.696=6.148=8.538=7.514=5.294=3.245=1.708=0.854
强击机,冷战,8000,0.002,0.005,2,43.988,0.006=0.016=0.028=0.037=0.051=0.045=0.031=0.019=0.01=0.005,0=0=0=0=0=0=0=0=0=0,11.47,0.006=0.016=0.028=0.037=0.051=0.045=0.031=0.019=0.01=0.005,0.007=0.019=0.033=0.044=0.061=0.054=0.038=0.023=0.012=0.006,0.007=0.019=0.033=0.044=0.061=0.054=0.038=0.023=0.012=0.006,232,2.784,0.013=0.031=0.084=0.144=0.209=0.261=0.235=0.183=0.117=0.057,0.009=0.023=0.039=0.051=0.071=0.063=0.044=0.027=0.014=0.007,1.829=4.876=8.381=10.971=15.238=13.41=9.448=5.791=3.048=1.524,1.829=4.389=11.703=20.114=29.257=36.572=32.914=25.6=16.457=8.046,0.016=0.03=0.044=0.058=0.071=0.067=0.058=0.044=0.03=0.016,2.011=3.84=5.669=7.497=9.143=8.686=7.497=5.669=3.84=2.011,0=0=0=0=0=0=0=0=0=0,0.009=0.023=0.039=0.051=0.071=0.063=0.044=0.027=0.014=0.007,0=2.7=6.75=13.5=22.95=27=24.3=18.9=10.8=5.4,0.997,0.997,0.937,0.937,0.937,0.937,0.937,0.937,0.687,0.937,0.937,0.937,0.997,0.937,0.687,0.997,0.937,0.687,0.937,0.687,0.687,0.937,1,800,44.53,0.013=0.026=0.038=0.05=0.061=0.058=0.05=0.038=0.026=0.013,0=0.002=0.005=0.01=0.02=0.036=0.048=0.051=0.046=0.036,0.003=0.007=0.019=0.033=0.049=0.061=0.055=0.043=0.027=0.013,208,0.007=0.019=0.033=0.044=0.061=0.054=0.038=0.023=0.012=0.006,2070,0.139=0.371=0.638=0.835=1.16=1.021=0.719=0.441=0.232=0.116,1.829=4.389=11.703=20.114=29.257=36.572=32.914=25.6=16.457=8.046,0.006=0.016=0.028=0.037=0.051=0.045=0.031=0.019=0.01=0.005,2.414=6.437=11.063=14.482=20.114=17.701=12.471=7.643=4.023=2.011,1.755=4.681=8.046=10.533=14.629=12.873=9.07=5.559=2.926=1.463
海军直升机,冷战,7000,0.002,0.005,2,43.861,0.006=0.016=0.028=0.037=0.051=0.045=0.031=0.019=0.01=0.005,0=0=0=0=0=0=0=0=0=0,11.41,0.006=0.016=0.028=0.037=0.051=0.045=0.031=0.019=0.01=0.005,0.007=0.019=0.033=0.044=0.061=0.054=0.038=0.023=0.012=0.006,0.007=0.019=0.033=0.044=0.061=0.054=0.038=0.023=0.012=0.006,203,2.436,0.001=0.003=0.009=0.016=0.023=0.029=0.026=0.02=0.013=0.006,0.009=0.023=0.039=0.051=0.071=0.063=0.044=0.027=0.014=0.007,0.866=2.308=3.967=5.194=7.214=6.348=4.472=2.741=1.443=0.721,1.803=4.809=8.266=10.82=15.028=13.225=9.318=5.711=3.006=1.503,0.016=0.03=0.044=0.058=0.071=0.067=0.058=0.044=0.03=0.016,5.29=10.099=14.908=19.717=24.045=22.843=19.717=14.908=10.099=5.29,0=0=0=0=0=0=0=0=0=0,0.009=0.023=0.039=0.051=0.071=0.063=0.044=0.027=0.014=0.007,0=2.7=6.75=13.5=22.95=27=24.3=18.9=10.8=5.4,0.997,0.997,0.937,0.937,0.937,0.937,0.937,0.937,0.687,0.937,0.937,0.937,0.997,0.937,0.687,0.997,0.937,0.687,0.937,0.687,0.687,0.937,1,450,44.368,0.013=0.026=0.038=0.05=0.061=0.058=0.05=0.038=0.026=0.013,0=0.002=0.005=0.01=0.02=0.036=0.048=0.051=0.046=0.036,0.003=0.007=0.019=0.033=0.049=0.061=0.055=0.043=0.027=0.013,208,0.007=0.019=0.033=0.044=0.061=0.054=0.038=0.023=0.012=0.006,2070,0.139=0.371=0.638=0.835=1.16=1.021=0.719=0.441=0.232=0.116,1.803=4.809=8.266=10.82=15.028=13.225=9.318=5.711=3.006=1.503,0.006=0.016=0.028=0.037=0.051=0.045=0.031=0.019=0.01=0.005,2.38=6.348=10.91=14.283=19.837=17.457=12.299=7.538=3.967=1.984,1.731=4.617=7.935=10.388=14.427=12.696=8.945=5.482=2.885=1.443
海军直升机,现代,28000,0.002,0.005,2,51.784,0.008=0.022=0.039=0.05=0.07=0.062=0.043=0.027=0.014=0.007,0=0=0=0=0=0=0=0=0=0,16.604,0.008=0.022=0.039=0.05=0.07=0.062=0.043=0.027=0.014=0.007,0.01=0.027=0.046=0.06=0.084=0.074=0.052=0.032=0.017=0.008,0.01=0.027=0.046=0.06=0.084=0.074=0.052=0.032=0.017=0.008,112,1.344,0.002=0.005=0.013=0.022=0.032=0.04=0.036=0.028=0.018=0.009,0.012=0.031=0.054=0.071=0.098=0.086=0.061=0.037=0.02=0.01,1.367=3.646=6.266=8.203=11.394=10.026=7.064=4.33=2.279=1.139,2.848=7.596=13.055=17.09=23.737=20.888=14.717=9.02=4.747=2.374,0.022=0.041=0.061=0.08=0.098=0.093=0.08=0.061=0.041=0.022,8.355=15.951=23.547=31.142=37.979=36.08=31.142=23.547=15.951=8.355,0=0=0=0=0=0=0=0=0=0,0.012=0.031=0.054=0.071=0.098=0.086=0.061=0.037=0.02=0.01,0=3.2=8=16=27.2=32=28.8=22.4=12.8=6.4,1,1,0.97,0.97,0.97,0.97,0.97,0.97,0.72,0.97,0.97,0.97,1,0.97,0.72,1,0.97,0.72,0.97,0.72,0.72,0.97,1,550,50.452,0.018=0.035=0.052=0.069=0.084=0.08=0.069=0.052=0.035=0.018,0=0.002=0.007=0.014=0.028=0.049=0.066=0.07=0.063=0.049,0.004=0.01=0.027=0.046=0.067=0.084=0.076=0.059=0.038=0.018,251,0.01=0.027=0.046=0.06=0.084=0.074=0.052=0.032=0.017=0.008,2420,0.192=0.512=0.88=1.152=1.6=1.408=0.992=0.608=0.32=0.16,2.848=7.596=13.055=17.09=23.737=20.888=14.717=9.02=4.747=2.374,0.008=0.022=0.039=0.05=0.07=0.062=0.043=0.027=0.014=0.007,3.76=10.026=17.233=22.559=31.332=27.572=19.426=11.906=6.266=3.133,2.734=7.292=12.533=16.407=22.787=20.053=14.128=8.659=4.557=2.279
战术轰炸机,二战,5000,0.002,0.005,2,38.14,0.004=0.011=0.019=0.025=0.035=0.031=0.022=0.013=0.007=0.004,0=0=0=0=0=0=0=0=0=0,7.764,0.004=0.011=0.019=0.025=0.035=0.031=0.022=0.013=0.007=0.004,0.005=0.013=0.023=0.03=0.042=0.037=0.026=0.016=0.008=0.004,0.005=0.013=0.023=0.03=0.042=0.037=0.026=0.016=0.008=0.004,1,0.012,0.009=0.022=0.058=0.099=0.144=0.18=0.162=0.126=0.081=0.04,0.006=0.016=0.027=0.035=0.049=0.043=0.03=0.019=0.01=0.005,1.2=3.2=5.5=7.2=1=8.8=6.2=3.8=2=1,1.2=2.88=7.68=13.199=19.199=23.999=21.599=16.799=10.8=5.28,0.011=0.021=0.03=0.04=0.049=0.047=0.04=0.03=0.021=0.011,1.32=2.52=3.72=4.92=6=5.7=4.92=3.72=2.52=1.32,0=0=0=0=0=0=0=0=0=0,0.006=0.016=0.027=0.035=0.049=0.043=0.03=0.019=0.01=0.005,0=2.3=5.75=11.5=19.55=23=20.7=16.1=9.2=4.6,0.97,0.97,0.91,0.91,0.91,0.91,0.91,0.91,0.66,0.91,0.91,0.91,0.97,0.91,0.66,0.97,0.91,0.66,0.91,0.66,0.66,0.91,1,450,40.36,0.009=0.018=0.026=0.034=0.042=0.04=0.034=0.026=0.018=0.009,0=0.001=0.004=0.007=0.014=0.024=0.033=0.035=0.032=0.024,0.002=0.005=0.013=0.023=0.034=0.042=0.038=0.029=0.019=0.009,174,0.005=0.013=0.023=0.03=0.042=0.037=0.026=0.016=0.008=0.004,3222,0.096=0.256=0.44=0.576=0.8=0.704=0.496=0.304=0.16=0.08,1.2=2.88=7.68=13.199=19.199=23.999=21.599=16.799=10.8=5.28,0.004=0.011=0.019=0.025=0.035=0.031=0.022=0.013=0.007=0.004,1.584=4.224=7.26=9.504=13.199=11.616=8.184=5.016=2.64=1.32,1.152=3.072=5.28=6.912=9.6=8.448=5.952=3.648=1.92=0.96
战术轰炸机,冷战,20000,0.002,0.005,2,44.863,0.006=0.016=0.028=0.037=0.051=0.045=0.031=0.019=0.01=0.005,0=0=0=0=0=0=0=0=0=0,11.886,0.006=0.016=0.028=0.037=0.051=0.045=0.031=0.019=0.01=0.005,0.007=0.019=0.033=0.044=0.061=0.054=0.038=0.023=0.012=0.006,0.007=0.019=0.033=0.044=0.061=0.054=0.038=0.023=0.012=0.006,58,0.696,0.013=0.031=0.084=0.144=0.209=0.261=0.235=0.183=0.117=0.057,0.009=0.023=0.039=0.051=0.071=0.063=0.044=0.027=0.014=0.007,2.002=5.337=9.174=12.009=16.68=14.678=10.341=6.338=3.336=1.668,2.002=4.804=12.81=22.017=32.025=40.031=36.028=28.022=18.014=8.807,0.016=0.03=0.044=0.058=0.071=0.067=0.058=0.044=0.03=0.016,2.202=4.203=6.205=8.206=10.008=9.507=8.206=6.205=4.203=2.202,0=0=0=0=0=0=0=0=0=0,0.009=0.023=0.039=0.051=0.071=0.063=0.044=0.027=0.014=0.007,0=2.7=6.75=13.5=22.95=27=24.3=18.9=10.8=5.4,0.997,0.997,0.937,0.937,0.937,0.937,0.937,0.937,0.687,0.937,0.937,0.937,0.997,0.937,0.687,0.997,0.937,0.687,0.937,0.687,0.687,0.937,1,900,45.643,0.013=0.026=0.038=0.05=0.061=0.058=0.05=0.038=0.026=0.013,0=0.002=0.005=0.01=0.02=0.036=0.048=0.051=0.046=0.036,0.003=0.007=0.019=0.033=0.049=0.061=0.055=0.043=0.027=0.013,208,0.007=0.019=0.033=0.044=0.061=0.054=0.038=0.023=0.012=0.006,3726,0.139=0.371=0.638=0.835=1.16=1.021=0.719=0.441=0.232=0.116,2.002=4.804=12.81=22.017=32.025=40.031=36.028=28.022=18.014=8.807,0.006=0.016=0.028=0.037=0.051=0.045=0.031=0.019=0.01=0.005,2.642=7.045=12.109=15.852=22.017=19.375=13.651=8.366=4.403=2.202,1.921=5.124=8.807=11.529=16.012=14.091=9.928=6.085=3.202=1.601
战术轰炸机,现代,80000,0.002,0.005,2,52.787,0.008=0.022=0.039=0.05=0.07=0.062=0.043=0.027=0.014=0.007,0=0=0=0=0=0=0=0=0=0,17.261,0.008=0.022=0.039=0.05=0.07=0.062=0.043=0.027=0.014=0.007,0.01=0.027=0.046=0.06=0.084=0.074=0.052=0.032=0.017=0.008,0.01=0.027=0.046=0.06=0.084=0.074=0.052=0.032=0.017=0.008,32,0.384,0.018=0.043=0.115=0.198=0.288=0.36=0.324=0.252=0.162=0.079,0.012=0.031=0.054=0.071=0.098=0.086=0.061=0.037=0.02=0.01,3.122=8.325=14.309=18.731=26.016=22.894=16.13=9.886=5.203=2.602,3.122=7.493=19.98=34.341=49.95=62.438=56.194=43.706=28.097=13.736,0.022=0.041=0.061=0.08=0.098=0.093=0.08=0.061=0.041=0.022,3.434=6.556=9.678=12.8=15.609=14.829=12.8=9.678=6.556=3.434,0=0=0=0=0=0=0=0=0=0,0.012=0.031=0.054=0.071=0.098=0.086=0.061=0.037=0.02=0.01,0=3.2=8=16=27.2=32=28.8=22.4=12.8=6.4,1,1,0.97,0.97,0.97,0.97,0.97,0.97,0.72,0.97,0.97,0.97,1,0.97,0.72,1,0.97,0.72,0.97,0.72,0.72,0.97,1,1200,51.729,0.018=0.035=0.052=0.069=0.084=0.08=0.069=0.052=0.035=0.018,0=0.002=0.007=0.014=0.028=0.049=0.066=0.07=0.063=0.049,0.004=0.01=0.027=0.046=0.067=0.084=0.076=0.059=0.038=0.018,251,0.01=0.027=0.046=0.06=0.084=0.074=0.052=0.032=0.017=0.008,4356,0.192=0.512=0.88=1.152=1.6=1.408=0.992=0.608=0.32=0.16,3.122=7.493=19.98=34.341=49.95=62.438=56.194=43.706=28.097=13.736,0.008=0.022=0.039=0.05=0.07=0.062=0.043=0.027=0.014=0.007,4.121=10.989=18.887=24.725=34.341=30.22=21.291=13.049=6.868=3.434,2.997=7.992=13.736=17.982=24.975=21.978=15.485=9.491=4.995=2.498
战略轰炸机,二战,15000,0.002,0.005,3,39.188,0.004=0.011=0.019=0.025=0.035=0.031=0.022=0.013=0.007=0.004,0=0=0=0=0=0=0=0=0=0,8.107,0.004=0.011=0.019=0.025=0.035=0.031=0.022=0.013=0.007=0.004,0.005=0.013=0.023=0.03=0.042=0.037=0.026=0.016=0.008=0.004,0.005=0.013=0.023=0.03=0.042=0.037=0.026=0.016=0.008=0.004,3,0.036,0.009=0.022=0.058=0.099=0.144=0.18=0.162=0.126=0.081=0.04,0.006=0.016=0.027=0.035=0.049=0.043=0.03=0.019=0.01=0.005,2.686=7.162=12.31=16.115=22.382=19.696=13.877=8.505=4.476=2.238,1.343=3.223=8.595=14.772=21.487=26.858=24.172=18.801=12.086=5.909,0.011=0.021=0.03=0.04=0.049=0.047=0.04=0.03=0.021=0.011,1.477=2.82=4.163=5.506=6.715=6.379=5.506=4.163=2.82=1.477,0=0=0=0=0=0=0=0=0=0,0.006=0.016=0.027=0.035=0.049=0.043=0.03=0.019=0.01=0.005,0=2.3=5.75=11.5=19.55=23=20.7=16.1=9.2=4.6,0.97,0.97,0.91,0.91,0.91,0.91,0.91,0.91,0.66,0.91,0.91,0.91,0.97,0.91,0.66,0.97,0.91,0.66,0.91,0.66,0.66,0.91,2,400,41.694,0.009=0.018=0.026=0.034=0.042=0.04=0.034=0.026=0.018=0.009,0=0.001=0.004=0.007=0.014=0.024=0.033=0.035=0.032=0.024,0.002=0.005=0.013=0.023=0.034=0.042=0.038=0.029=0.019=0.009,174,0.005=0.013=0.023=0.03=0.042=0.037=0.026=0.016=0.008=0.004,3222,0.096=0.256=0.44=0.576=0.8=0.704=0.496=0.304=0.16=0.08,1.343=3.223=8.595=14.772=21.487=26.858=24.172=18.801=12.086=5.909,0.004=0.011=0.019=0.025=0.035=0.031=0.022=0.013=0.007=0.004,1.773=4.727=8.125=10.636=14.772=12.999=9.159=5.613=2.954=1.477,1.289=3.438=5.909=7.735=10.743=9.454=6.661=4.082=2.149=1.074
战略轰炸机,冷战,80000,0.002,0.005,3,46.187,0.006=0.016=0.028=0.037=0.051=0.045=0.031=0.019=0.01=0.005,0=0=0=0=0=0=0=0=0=0,12.514,0.006=0.016=0.028=0.037=0.051=0.045=0.031=0.019=0.01=0.005,0.007=0.019=0.033=0.044=0.061=0.054=0.038=0.023=0.012=0.006,0.007=0.019=0.033=0.044=0.061=0.054=0.038=0.023=0.012=0.006,232,2.784,0.013=0.031=0.084=0.144=0.209=0.261=0.235=0.183=0.117=0.057,0.009=0.023=0.039=0.051=0.071=0.063=0.044=0.027=0.014=0.007,4.527=12.071=20.748=27.16=37.723=33.196=23.388=14.335=7.545=3.772,2.263=5.432=14.486=24.897=36.214=45.267=40.741=31.687=20.37=9.959,0.016=0.03=0.044=0.058=0.071=0.067=0.058=0.044=0.03=0.016,2.49=4.753=7.016=9.28=11.317=10.751=9.28=7.016=4.753=2.49,0=0=0=0=0=0=0=0=0=0,0.009=0.023=0.039=0.051=0.071=0.063=0.044=0.027=0.014=0.007,0=2.7=6.75=13.5=22.95=27=24.3=18.9=10.8=5.4,0.997,0.997,0.937,0.937,0.937,0.937,0.937,0.937,0.687,0.937,0.937,0.937,0.997,0.937,0.687,0.997,0.937,0.687,0.937,0.687,0.687,0.937,2,850,47.329,0.013=0.026=0.038=0.05=0.061=0.058=0.05=0.038=0.026=0.013,0=0.002=0.005=0.01=0.02=0.036=0.048=0.051=0.046=0.036,0.003=0.007=0.019=0.033=0.049=0.061=0.055=0.043=0.027=0.013,208,0.007=0.019=0.033=0.044=0.061=0.054=0.038=0.023=0.012=0.006,3726,0.139=0.371=0.638=0.835=1.16=1.021=0.719=0.441=0.232=0.116,2.263=5.432=14.486=24.897=36.214=45.267=40.741=31.687=20.37=9.959,0.006=0.016=0.028=0.037=0.051=0.045=0.031=0.019=0.01=0.005,2.988=7.967=13.693=17.926=24.897=21.909=15.436=9.461=4.979=2.49,2.173=5.794=9.959=13.037=18.107=15.934=11.226=6.881=3.621=1.811
战略轰炸机,现代,600000,0.002,0.005,3,54.712,0.008=0.022=0.039=0.05=0.07=0.062=0.043=0.027=0.014=0.007,0=0=0=0=0=0=0=0=0=0,18.521,0.008=0.022=0.039=0.05=0.07=0.062=0.043=0.027=0.014=0.007,0.01=0.027=0.046=0.06=0.084=0.074=0.052=0.032=0.017=0.008,0.01=0.027=0.046=0.06=0.084=0.074=0.052=0.032=0.017=0.008,24,0.288,0.018=0.043=0.115=0.198=0.288=0.36=0.324=0.252=0.162=0.079,0.012=0.031=0.054=0.071=0.098=0.086=0.061=0.037=0.02=0.01,7.294=19.45=33.43=43.763=60.782=53.488=37.685=23.097=12.156=6.078,3.647=8.753=23.34=40.116=58.35=72.938=65.644=51.057=32.822=16.046,0.022=0.041=0.061=0.08=0.098=0.093=0.08=0.061=0.041=0.022,4.012=7.658=11.305=14.952=18.234=17.323=14.952=11.305=7.658=4.012,0=0=0=0=0=0=0=0=0=0,0.012=0.031=0.054=0.071=0.098=0.086=0.061=0.037=0.02=0.01,0=3.2=8=16=27.2=32=28.8=22.4=12.8=6.4,1,1,0.97,0.97,0.97,0.97,0.97,0.97,0.72,0.97,0.97,0.97,1,0.97,0.72,1,0.97,0.72,0.97,0.72,0.72,0.97,2,1000,54.179,0.018=0.035=0.052=0.069=0.084=0.08=0.069=0.052=0.035=0.018,0=0.002=0.007=0.014=0.028=0.049=0.066=0.07=0.063=0.049,0.004=0.01=0.027=0.046=0.067=0.084=0.076=0.059=0.038=0.018,251,0.01=0.027=0.046=0.06=0.084=0.074=0.052=0.032=0.017=0.008,4356,0.192=0.512=0.88=1.152=1.6=1.408=0.992=0.608=0.32=0.16,3.647=8.753=23.34=40.116=58.35=72.938=65.644=51.057=32.822=16.046,0.008=0.022=0.039=0.05=0.07=0.062=0.043=0.027=0.014=0.007,4.814=12.837=22.064=28.883=40.116=35.302=24.872=15.244=8.023=4.012,3.501=9.336=16.046=21.006=29.175=25.674=18.089=11.087=5.835=2.918
侦察机,二战,2200,0.002,0.005,15,37.358,0.004=0.011=0.019=0.025=0.035=0.031=0.022=0.013=0.007=0.004,0=0=0=0=0=0=0=0=0=0,7.508,0.004=0.011=0.019=0.025=0.035=0.031=0.022=0.013=0.007=0.004,0.005=0.013=0.023=0.03=0.042=0.037=0.026=0.016=0.008=0.004,0.005=0.013=0.023=0.03=0.042=0.037=0.026=0.016=0.008=0.004,44,0.528,0.001=0.002=0.006=0.011=0.016=0.02=0.018=0.014=0.009=0.004,0.006=0.016=0.027=0.035=0.049=0.043=0.03=0.019=0.01=0.005,0.525=1.399=2.405=3.149=4.373=3.848=2.711=1.662=0.875=0.437,1.093=2.916=5.011=6.56=9.111=8.018=5.649=3.462=1.822=0.911,0.011=0.021=0.03=0.04=0.049=0.047=0.04=0.03=0.021=0.011,1.203=2.296=3.389=4.483=5.467=5.193=4.483=3.389=2.296=1.203,0=0=0=0=0=0=0=0=0=0,0.006=0.016=0.027=0.035=0.049=0.043=0.03=0.019=0.01=0.005,0=2.3=5.75=11.5=19.55=23=20.7=16.1=9.2=4.6,0.97,0.97,0.91,0.91,0.91,0.91,0.91,0.91,0.66,0.91,0.91,0.91,0.97,0.91,0.66,0.97,0.91,0.66,0.91,0.66,0.66,0.91,12,600,39.364,0.009=0.018=0.026=0.034=0.042=0.04=0.034=0.026=0.018=0.009,0=0.001=0.004=0.007=0.014=0.024=0.033=0.035=0.032=0.024,0.002=0.005=0.013=0.023=0.034=0.042=0.038=0.029=0.019=0.009,314,0.005=0.013=0.023=0.03=0.042=0.037=0.026=0.016=0.008=0.004,3222,0.096=0.256=0.44=0.576=0.8=0.704=0.496=0.304=0.16=0.08,1.093=2.916=5.011=6.56=9.111=8.018=5.649=3.462=1.822=0.911,0.004=0.011=0.019=0.025=0.035=0.031=0.022=0.013=0.007=0.004,1.443=3.848=6.615=8.659=12.026=10.583=7.456=4.57=2.405=1.203,1.05=2.799=4.811=6.298=8.747=7.697=5.423=3.324=1.749=0.875
侦察机,冷战,30000,0.002,0.005,15,45.25,0.006=0.016=0.028=0.037=0.051=0.045=0.031=0.019=0.01=0.005,0=0=0=0=0=0=0=0=0=0,12.069,0.006=0.016=0.028=0.037=0.051=0.045=0.031=0.019=0.01=0.005,0.007=0.019=0.033=0.044=0.061=0.054=0.038=0.023=0.012=0.006,0.007=0.019=0.033=0.044=0.061=0.054=0.038=0.023=0.012=0.006,87,1.044,0.001=0.003=0.009=0.016=0.023=0.029=0.026=0.02=0.013=0.006,0.009=0.023=0.039=0.051=0.071=0.063=0.044=0.027=0.014=0.007,0.997=2.66=4.572=5.985=8.312=7.315=5.154=3.159=1.662=0.831,2.078=5.542=9.525=12.469=17.318=15.239=10.737=6.581=3.464=1.732,0.016=0.03=0.044=0.058=0.071=0.067=0.058=0.044=0.03=0.016,2.286=4.364=6.442=8.52=10.391=9.871=8.52=6.442=4.364=2.286,0=0=0=0=0=0=0=0=0=0,0.009=0.023=0.039=0.051=0.071=0.063=0.044=0.027=0.014=0.007,0=2.7=6.75=13.5=22.95=27=24.3=18.9=10.8=5.4,0.997,0.997,0.937,0.937,0.937,0.937,0.937,0.937,0.687,0.937,0.937,0.937,0.997,0.937,0.687,0.997,0.937,0.687,0.937,0.687,0.687,0.937,12,2000,46.136,0.013=0.026=0.038=0.05=0.061=0.058=0.05=0.038=0.026=0.013,0=0.002=0.005=0.01=0.02=0.036=0.048=0.051=0.046=0.036,0.003=0.007=0.019=0.033=0.049=0.061=0.055=0.043=0.027=0.013,375,0.007=0.019=0.033=0.044=0.061=0.054=0.038=0.023=0.012=0.006,3726,0.139=0.371=0.638=0.835=1.16=1.021=0.719=0.441=0.232=0.116,2.078=5.542=9.525=12.469=17.318=15.239=10.737=6.581=3.464=1.732,0.006=0.016=0.028=0.037=0.051=0.045=0.031=0.019=0.01=0.005,2.743=7.315=12.573=16.459=22.859=20.116=14.173=8.687=4.572=2.286,1.995=5.32=9.144=11.97=16.625=14.63=10.307=6.317=3.325=1.662
预警机,冷战,100000,0.002,0.005,30,46.4,0.006=0.016=0.028=0.037=0.051=0.045=0.031=0.019=0.01=0.005,0=0=0=0=0=0=0=0=0=0,12.615,0.006=0.016=0.028=0.037=0.051=0.045=0.031=0.019=0.01=0.005,0.007=0.019=0.033=0.044=0.061=0.054=0.038=0.023=0.012=0.006,0.007=0.019=0.033=0.044=0.061=0.054=0.038=0.023=0.012=0.006,29,0.348,0.001=0.003=0.009=0.016=0.023=0.029=0.026=0.02=0.013=0.006,0.009=0.023=0.039=0.051=0.071=0.063=0.044=0.027=0.014=0.007,1.107=2.951=5.072=6.64=9.222=8.115=5.718=3.504=1.844=0.922,2.306=6.148=10.567=13.833=19.213=16.907=11.912=7.301=3.843=1.921,0.016=0.03=0.044=0.058=0.071=0.067=0.058=0.044=0.03=0.016,2.536=4.842=7.147=9.453=11.528=10.951=9.453=7.147=4.842=2.536,0=0=0=0=0=0=0=0=0=0,0.009=0.023=0.039=0.051=0.071=0.063=0.044=0.027=0.014=0.007,0=2.7=6.75=13.5=22.95=27=24.3=18.9=10.8=5.4,0.997,0.997,0.937,0.937,0.937,0.937,0.937,0.937,0.687,0.937,0.937,0.937,0.997,0.937,0.687,0.997,0.937,0.687,0.937,0.687,0.687,0.937,24,800,47.6,0.013=0.026=0.038=0.05=0.061=0.058=0.05=0.038=0.026=0.013,0=0.002=0.005=0.01=0.02=0.036=0.048=0.051=0.046=0.036,0.003=0.007=0.019=0.033=0.049=0.061=0.055=0.043=0.027=0.013,375,0.007=0.019=0.033=0.044=0.061=0.054=0.038=0.023=0.012=0.006,3726,0.139=0.371=0.638=0.835=1.16=1.021=0.719=0.441=0.232=0.116,2.306=6.148=10.567=13.833=19.213=16.907=11.912=7.301=3.843=1.921,0.006=0.016=0.028=0.037=0.051=0.045=0.031=0.019=0.01=0.005,3.043=8.115=13.948=18.26=25.361=22.317=15.724=9.637=5.072=2.536,2.213=5.902=10.144=13.28=18.444=16.231=11.435=7.009=3.689=1.844
预警机,现代,250000,0.002,0.005,30,53.876,0.008=0.022=0.039=0.05=0.07=0.062=0.043=0.027=0.014=0.007,0=0=0=0=0=0=0=0=0=0,17.973,0.008=0.022=0.039=0.05=0.07=0.062=0.043=0.027=0.014=0.007,0.01=0.027=0.046=0.06=0.084=0.074=0.052=0.032=0.017=0.008,0.01=0.027=0.046=0.06=0.084=0.074=0.052=0.032=0.017=0.008,1,0.012,0.002=0.005=0.013=0.022=0.032=0.04=0.036=0.028=0.018=0.009,0.012=0.031=0.054=0.071=0.098=0.086=0.061=0.037=0.02=0.01,1.641=4.376=7.521=9.846=13.675=12.034=8.479=5.197=2.735=1.368,3.419=9.117=15.669=20.513=28.49=25.071=17.664=10.826=5.698=2.849,0.022=0.041=0.061=0.08=0.098=0.093=0.08=0.061=0.041=0.022,3.761=7.179=10.598=14.017=17.094=16.239=14.017=10.598=7.179=3.761,0=0=0=0=0=0=0=0=0=0,0.012=0.031=0.054=0.071=0.098=0.086=0.061=0.037=0.02=0.01,0=3.2=8=16=27.2=32=28.8=22.4=12.8=6.4,1,1,0.97,0.97,0.97,0.97,0.97,0.97,0.72,0.97,0.97,0.97,1,0.97,0.72,1,0.97,0.72,0.97,0.72,0.72,0.97,24,900,53.114,0.018=0.035=0.052=0.069=0.084=0.08=0.069=0.052=0.035=0.018,0=0.002=0.007=0.014=0.028=0.049=0.066=0.07=0.063=0.049,0.004=0.01=0.027=0.046=0.067=0.084=0.076=0.059=0.038=0.018,451,0.01=0.027=0.046=0.06=0.084=0.074=0.052=0.032=0.017=0.008,4356,0.192=0.512=0.88=1.152=1.6=1.408=0.992=0.608=0.32=0.16,3.419=9.117=15.669=20.513=28.49=25.071=17.664=10.826=5.698=2.849,0.008=0.022=0.039=0.05=0.07=0.062=0.043=0.027=0.014=0.007,4.513=12.034=20.684=27.077=37.607=33.094=23.316=14.29=7.521=3.761,3.282=8.752=15.043=19.692=27.35=24.068=16.957=10.393=5.47=2.735
空中加油机,冷战,40000,0.002,0.005,30,45.525,0.006=0.016=0.028=0.037=0.051=0.045=0.031=0.019=0.01=0.005,0=0=0=0=0=0=0=0=0=0,12.2,0.006=0.016=0.028=0.037=0.051=0.045=0.031=0.019=0.01=0.005,0.007=0.019=0.033=0.044=0.061=0.054=0.038=0.023=0.012=0.006,0.007=0.019=0.033=0.044=0.061=0.054=0.038=0.023=0.012=0.006,116,1.392,0.001=0.003=0.009=0.016=0.023=0.029=0.026=0.02=0.013=0.006,0.009=0.023=0.039=0.051=0.071=0.063=0.044=0.027=0.014=0.007,1.024=2.73=4.691=6.141=8.53=7.506=5.288=3.241=1.706=0.853,2.132=5.687=9.774=12.795=17.77=15.638=11.018=6.753=3.554=1.777,0.016=0.03=0.044=0.058=0.071=0.067=0.058=0.044=0.03=0.016,2.346=4.478=6.611=8.743=10.662=10.129=8.743=6.611=4.478=2.346,0=0=0=0=0=0=0=0=0=0,0.009=0.023=0.039=0.051=0.071=0.063=0.044=0.027=0.014=0.007,0=2.7=6.75=13.5=22.95=27=24.3=18.9=10.8=5.4,0.997,0.997,0.937,0.937,0.937,0.937,0.937,0.937,0.687,0.937,0.937,0.937,0.997,0.937,0.687,0.997,0.937,0.687,0.937,0.687,0.687,0.937,24,850,46.486,0.013=0.026=0.038=0.05=0.061=0.058=0.05=0.038=0.026=0.013,0=0.002=0.005=0.01=0.02=0.036=0.048=0.051=0.046=0.036,0.003=0.007=0.019=0.033=0.049=0.061=0.055=0.043=0.027=0.013,375,0.007=0.019=0.033=0.044=0.061=0.054=0.038=0.023=0.012=0.006,3726,0.139=0.371=0.638=0.835=1.16=1.021=0.719=0.441=0.232=0.116,2.132=5.687=9.774=12.795=17.77=15.638=11.018=6.753=3.554=1.777,0.006=0.016=0.028=0.037=0.051=0.045=0.031=0.019=0.01=0.005,2.815=7.506=12.901=16.889=23.457=20.642=14.543=8.914=4.691=2.346,2.047=5.459=9.383=12.283=17.06=15.012=10.577=6.483=3.412=1.706
空中加油机,现代,120000,0.002,0.005,30,53.174,0.008=0.022=0.039=0.05=0.07=0.062=0.043=0.027=0.014=0.007,0=0=0=0=0=0=0=0=0=0,17.514,0.008=0.022=0.039=0.05=0.07=0.062=0.043=0.027=0.014=0.007,0.01=0.027=0.046=0.06=0.084=0.074=0.052=0.032=0.017=0.008,0.01=0.027=0.046=0.06=0.084=0.074=0.052=0.032=0.017=0.008,48,0.576,0.002=0.005=0.013=0.022=0.032=0.04=0.036=0.028=0.018=0.009,0.012=0.031=0.054=0.071=0.098=0.086=0.061=0.037=0.02=0.01,1.549=4.131=7.101=9.295=12.91=11.361=8.004=4.906=2.582=1.291,3.228=8.607=14.793=19.365=26.896=23.669=16.676=10.221=5.379=2.69,0.022=0.041=0.061=0.08=0.098=0.093=0.08=0.061=0.041=0.022,3.55=6.778=10.005=13.233=16.138=15.331=13.233=10.005=6.778=3.55,0=0=0=0=0=0=0=0=0=0,0.012=0.031=0.054=0.071=0.098=0.086=0.061=0.037=0.02=0.01,0=3.2=8=16=27.2=32=28.8=22.4=12.8=6.4,1,1,0.97,0.97,0.97,0.97,0.97,0.97,0.72,0.97,0.97,0.97,1,0.97,0.72,1,0.97,0.72,0.97,0.72,0.72,0.97,24,900,52.222,0.018=0.035=0.052=0.069=0.084=0.08=0.069=0.052=0.035=0.018,0=0.002=0.007=0.014=0.028=0.049=0.066=0.07=0.063=0.049,0.004=0.01=0.027=0.046=0.067=0.084=0.076=0.059=0.038=0.018,451,0.01=0.027=0.046=0.06=0.084=0.074=0.052=0.032=0.017=0.008,4356,0.192=0.512=0.88=1.152=1.6=1.408=0.992=0.608=0.32=0.16,3.228=8.607=14.793=19.365=26.896=23.669=16.676=10.221=5.379=2.69,0.008=0.022=0.039=0.05=0.07=0.062=0.043=0.027=0.014=0.007,4.26=11.361=19.527=25.562=35.503=31.242=22.012=13.491=7.101=3.55,3.098=8.262=14.201=18.591=25.82=22.722=16.009=9.812=5.164=2.582
电子战飞机,冷战,50000,0.002,0.005,0,45.738,0.006=0.016=0.028=0.037=0.051=0.045=0.031=0.019=0.01=0.005,0=0=0=0=0=0=0=0=0=0,12.301,0.006=0.016=0.028=0.037=0.051=0.045=0.031=0.019=0.01=0.005,0.007=0.019=0.033=0.044=0.061=0.054=0.038=0.023=0.012=0.006,0.007=0.019=0.033=0.044=0.061=0.054=0.038=0.023=0.012=0.006,145,1.74,0.001=0.003=0.009=0.016=0.023=0.029=0.026=0.02=0.013=0.006,0.009=0.023=0.039=0.051=0.071=0.063=0.044=0.027=0.014=0.007,1.044=2.783=4.784=6.263=8.698=7.655=5.393=3.305=1.74=0.87,2.175=5.799=9.967=13.048=18.122=15.947=11.235=6.886=3.624=1.812,0.016=0.03=0.044=0.058=0.071=0.067=0.058=0.044=0.03=0.016,2.392=4.567=6.741=8.916=10.873=10.329=8.916=6.741=4.567=2.392,0=0=0=0=0=0=0=0=0=0,0.009=0.023=0.039=0.051=0.071=0.063=0.044=0.027=0.014=0.007,0=2.7=6.75=13.5=22.95=27=24.3=18.9=10.8=5.4,0.997,0.997,0.937,0.937,0.937,0.937,0.937,0.937,0.687,0.937,0.937,0.937,0.997,0.937,0.687,0.997,0.937,0.687,0.937,0.687,0.687,0.937,0,1000,46.757,0.013=0.026=0.038=0.05=0.061=0.058=0.05=0.038=0.026=0.013,0=0.002=0.005=0.01=0.02=0.036=0.048=0.051=0.046=0.036,0.003=0.007=0.019=0.033=0.049=0.061=0.055=0.043=0.027=0.013,375,0.007=0.019=0.033=0.044=0.061=0.054=0.038=0.023=0.012=0.006,3726,0.139=0.371=0.638=0.835=1.16=1.021=0.719=0.441=0.232=0.116,2.175=5.799=9.967=13.048=18.122=15.947=11.235=6.886=3.624=1.812,0.006=0.016=0.028=0.037=0.051=0.045=0.031=0.019=0.01=0.005,2.87=7.655=13.156=17.223=23.92=21.05=14.831=9.09=4.784=2.392,2.088=5.567=9.568=12.526=17.397=15.309=10.786=6.611=3.479=1.74
电子战飞机,现代,180000,0.002,0.005,0,53.562,0.008=0.022=0.039=0.05=0.07=0.062=0.043=0.027=0.014=0.007,0=0=0=0=0=0=0=0=0=0,17.768,0.008=0.022=0.039=0.05=0.07=0.062=0.043=0.027=0.014=0.007,0.01=0.027=0.046=0.06=0.084=0.074=0.052=0.032=0.017=0.008,0.01=0.027=0.046=0.06=0.084=0.074=0.052=0.032=0.017=0.008,72,0.864,0.002=0.005=0.013=0.022=0.032=0.04=0.036=0.028=0.018=0.009,0.012=0.031=0.054=0.071=0.098=0.086=0.061=0.037=0.02=0.01,1.6=4.266=7.333=9.6=13.333=11.733=8.266=5.066=2.667=1.333,3.333=8.888=15.277=19.999=27.776=24.443=17.221=10.555=5.555=2.778,0.022=0.041=0.061=0.08=0.098=0.093=0.08=0.061=0.041=0.022,3.666=7=10.333=13.666=16.666=15.833=13.666=10.333=7=3.666,0=0=0=0=0=0=0=0=0=0,0.012=0.031=0.054=0.071=0.098=0.086=0.061=0.037=0.02=0.01,0=3.2=8=16=27.2=32=28.8=22.4=12.8=6.4,1,1,0.97,0.97,0.97,0.97,0.97,0.97,0.72,0.97,0.97,0.97,1,0.97,0.72,1,0.97,0.72,0.97,0.72,0.72,0.97,0,1800,52.715,0.018=0.035=0.052=0.069=0.084=0.08=0.069=0.052=0.035=0.018,0=0.002=0.007=0.014=0.028=0.049=0.066=0.07=0.063=0.049,0.004=0.01=0.027=0.046=0.067=0.084=0.076=0.059=0.038=0.018,451,0.01=0.027=0.046=0.06=0.084=0.074=0.052=0.032=0.017=0.008,4356,0.192=0.512=0.88=1.152=1.6=1.408=0.992=0.608=0.32=0.16,3.333=8.888=15.277=19.999=27.776=24.443=17.221=10.555=5.555=2.778,0.008=0.022=0.039=0.05=0.07=0.062=0.043=0.027=0.014=0.007,4.4=11.733=20.166=26.399=36.665=32.265=22.732=13.933=7.333=3.666,3.2=8.533=14.666=19.199=26.665=23.466=16.533=10.133=5.333=2.667
运输机,二战,3000,0.002,0.005,3,37.653,0.004=0.011=0.019=0.025=0.035=0.031=0.022=0.013=0.007=0.004,0=0=0=0=0=0=0=0=0=0,7.605,0.004=0.011=0.019=0.025=0.035=0.031=0.022=0.013=0.007=0.004,0.005=0.013=0.023=0.03=0.042=0.037=0.026=0.016=0.008=0.004,0.005=0.013=0.023=0.03=0.042=0.037=0.026=0.016=0.008=0.004,6,0.072,0.001=0.002=0.006=0.011=0.016=0.02=0.018=0.014=0.009=0.004,0.006=0.016=0.027=0.035=0.049=0.043=0.03=0.019=0.01=0.005,0.544=1.451=2.494=3.265=4.534=3.99=2.811=1.723=0.907=0.453,1.134=3.023=5.196=6.801=9.446=8.313=5.857=3.59=1.889=0.945,0.011=0.021=0.03=0.04=0.049=0.047=0.04=0.03=0.021=0.011,1.247=2.38=3.514=4.648=5.668=5.384=4.648=3.514=2.38=1.247,0=0=0=0=0=0=0=0=0=0,0.006=0.016=0.027=0.035=0.049=0.043=0.03=0.019=0.01=0.005,0=2.3=5.75=11.5=19.55=23=20.7=16.1=9.2=4.6,0.97,0.97,0.91,0.91,0.91,0.91,0.91,0.91,0.66,0.91,0.91,0.91,0.97,0.91,0.66,0.97,0.91,0.66,0.91,0.66,0.66,0.91,2,350,39.74,0.009=0.018=0.026=0.034=0.042=0.04=0.034=0.026=0.018=0.009,0=0.001=0.004=0.007=0.014=0.024=0.033=0.035=0.032=0.024,0.002=0.005=0.013=0.023=0.034=0.042=0.038=0.029=0.019=0.009,314,0.005=0.013=0.023=0.03=0.042=0.037=0.026=0.016=0.008=0.004,3222,0.096=0.256=0.44=0.576=0.8=0.704=0.496=0.304=0.16=0.08,1.134=3.023=5.196=6.801=9.446=8.313=5.857=3.59=1.889=0.945,0.004=0.011=0.019=0.025=0.035=0.031=0.022=0.013=0.007=0.004,1.496=3.99=6.858=8.978=12.469=10.973=7.731=4.738=2.494=1.247,1.088=2.902=4.988=6.529=9.069=7.98=5.623=3.446=1.814=0.907
运输机,冷战,15000,0.002,0.005,3,44.588,0.006=0.016=0.028=0.037=0.051=0.045=0.031=0.019=0.01=0.005,0=0=0=0=0=0=0=0=0=0,11.755,0.006=0.016=0.028=0.037=0.051=0.045=0.031=0.019=0.01=0.005,0.007=0.019=0.033=0.044=0.061=0.054=0.038=0.023=0.012=0.006,0.007=0.019=0.033=0.044=0.061=0.054=0.038=0.023=0.012=0.006,435,5.22,0.001=0.003=0.009=0.016=0.023=0.029=0.026=0.02=0.013=0.006,0.009=0.023=0.039=0.051=0.071=0.063=0.044=0.027=0.014=0.007,0.935=2.492=4.284=5.608=7.789=6.854=4.829=2.96=1.558=0.779,1.947=5.193=8.925=11.683=16.227=14.28=10.061=6.166=3.245=1.623,0.016=0.03=0.044=0.058=0.071=0.067=0.058=0.044=0.03=0.016,2.142=4.089=6.036=7.984=9.736=9.249=7.984=6.036=4.089=2.142,0=0=0=0=0=0=0=0=0=0,0.009=0.023=0.039=0.051=0.071=0.063=0.044=0.027=0.014=0.007,0=2.7=6.75=13.5=22.95=27=24.3=18.9=10.8=5.4,0.997,0.997,0.937,0.937,0.937,0.937,0.937,0.937,0.687,0.937,0.937,0.937,0.997,0.937,0.687,0.997,0.937,0.687,0.937,0.687,0.687,0.937,2,700,45.294,0.013=0.026=0.038=0.05=0.061=0.058=0.05=0.038=0.026=0.013,0=0.002=0.005=0.01=0.02=0.036=0.048=0.051=0.046=0.036,0.003=0.007=0.019=0.033=0.049=0.061=0.055=0.043=0.027=0.013,375,0.007=0.019=0.033=0.044=0.061=0.054=0.038=0.023=0.012=0.006,3726,0.139=0.371=0.638=0.835=1.16=1.021=0.719=0.441=0.232=0.116,1.947=5.193=8.925=11.683=16.227=14.28=10.061=6.166=3.245=1.623,0.006=0.016=0.028=0.037=0.051=0.045=0.031=0.019=0.01=0.005,2.57=6.854=11.781=15.422=21.419=18.849=13.28=8.139=4.284=2.142,1.869=4.985=8.568=11.216=15.578=13.708=9.658=5.92=3.116=1.558
运输机,现代,60000,0.002,0.005,3,52.512,0.008=0.022=0.039=0.05=0.07=0.062=0.043=0.027=0.014=0.007,0=0=0=0=0=0=0=0=0=0,17.081,0.008=0.022=0.039=0.05=0.07=0.062=0.043=0.027=0.014=0.007,0.01=0.027=0.046=0.06=0.084=0.074=0.052=0.032=0.017=0.008,0.01=0.027=0.046=0.06=0.084=0.074=0.052=0.032=0.017=0.008,24,0.288,0.002=0.005=0.013=0.022=0.032=0.04=0.036=0.028=0.018=0.009,0.012=0.031=0.054=0.071=0.098=0.086=0.061=0.037=0.02=0.01,1.463=3.9=6.703=8.775=12.188=10.725=7.556=4.631=2.438=1.219,3.047=8.125=13.965=18.282=25.391=22.344=15.742=9.649=5.078=2.539,0.022=0.041=0.061=0.08=0.098=0.093=0.08=0.061=0.041=0.022,3.352=6.399=9.445=12.492=15.235=14.473=12.492=9.445=6.399=3.352,0=0=0=0=0=0=0=0=0=0,0.012=0.031=0.054=0.071=0.098=0.086=0.061=0.037=0.02=0.01,0=3.2=8=16=27.2=32=28.8=22.4=12.8=6.4,1,1,0.97,0.97,0.97,0.97,0.97,0.97,0.72,0.97,0.97,0.97,1,0.97,0.72,1,0.97,0.72,0.97,0.72,0.72,0.97,2,850,51.379,0.018=0.035=0.052=0.069=0.084=0.08=0.069=0.052=0.035=0.018,0=0.002=0.007=0.014=0.028=0.049=0.066=0.07=0.063=0.049,0.004=0.01=0.027=0.046=0.067=0.084=0.076=0.059=0.038=0.018,451,0.01=0.027=0.046=0.06=0.084=0.074=0.052=0.032=0.017=0.008,4356,0.192=0.512=0.88=1.152=1.6=1.408=0.992=0.608=0.32=0.16,3.047=8.125=13.965=18.282=25.391=22.344=15.742=9.649=5.078=2.539,0.008=0.022=0.039=0.05=0.07=0.062=0.043=0.027=0.014=0.007,4.022=10.725=18.434=24.132=33.516=29.494=20.78=12.736=6.703=3.352,2.925=7.8=13.407=17.55=24.375=21.45=15.113=9.263=4.875=2.438
地对地导弹,冷战,5000,0.002,0.005,1,43.54,0.006=0.016=0.028=0.037=0.051=0.045=0.031=0.019=0.01=0.005,0=0=0=0=0=0=0=0=0=0,11.258,0.006=0.016=0.028=0.037=0.051=0.045=0.031=0.019=0.01=0.005,0.007=0.019=0.033=0.044=0.061=0.054=0.038=0.023=0.012=0.006,0.007=0.019=0.033=0.044=0.061=0.054=0.038=0.023=0.012=0.006,145,1.74,0.001=0.003=0.009=0.016=0.023=0.029=0.026=0.02=0.013=0.006,0.009=0.023=0.039=0.051=0.071=0.063=0.044=0.027=0.014=0.007,1.74=4.64=7.975=10.44=14.499=12.759=8.99=5.51=2.9=1.45,1.74=4.176=11.136=19.139=27.839=34.799=31.319=24.359=15.659=7.656,0.016=0.03=0.044=0.058=0.071=0.067=0.058=0.044=0.03=0.016,1.914=3.654=5.394=7.134=8.7=8.265=7.134=5.394=3.654=1.914,0=0=0=0=0=0=0=0=0=0,0.009=0.023=0.039=0.051=0.071=0.063=0.044=0.027=0.014=0.007,0=4.59=11.475=22.95=39.015=45.9=41.31=32.13=18.36=9.18,0.997,0.997,0.937,0.937,0.937,0.937,0.937,0.937,0.687,0.937,0.937,0.937,0.997,0.937,0.687,0.997,0.937,0.687,0.937,0.687,0.687,0.937,0,2600,43.96,0.013=0.026=0.038=0.05=0.061=0.058=0.05=0.038=0.026=0.013,0=0.002=0.005=0.01=0.02=0.036=0.048=0.051=0.046=0.036,0.003=0.007=0.019=0.033=0.049=0.061=0.055=0.043=0.027=0.013,208,0.007=0.019=0.033=0.044=0.061=0.054=0.038=0.023=0.012=0.006,2070,0.139=0.371=0.638=0.835=1.16=1.021=0.719=0.441=0.232=0.116,1.74=4.176=11.136=19.139=27.839=34.799=31.319=24.359=15.659=7.656,0.006=0.016=0.028=0.037=0.051=0.045=0.031=0.019=0.01=0.005,2.297=6.125=10.527=13.78=19.139=16.843=11.866=7.273=3.828=1.914,1.67=4.454=7.656=10.022=13.919=12.249=8.63=5.289=2.784=1.392
地对地导弹,现代,15000,0.002,0.005,1,51.188,0.008=0.022=0.039=0.05=0.07=0.062=0.043=0.027=0.014=0.007,0=0=0=0=0=0=0=0=0=0,16.214,0.008=0.022=0.039=0.05=0.07=0.062=0.043=0.027=0.014=0.007,0.01=0.027=0.046=0.06=0.084=0.074=0.052=0.032=0.017=0.008,0.01=0.027=0.046=0.06=0.084=0.074=0.052=0.032=0.017=0.008,6,0.072,0.002=0.005=0.013=0.022=0.032=0.04=0.036=0.028=0.018=0.009,0.012=0.031=0.054=0.071=0.098=0.086=0.061=0.037=0.02=0.01,2.686=7.162=12.31=16.115=22.382=19.696=13.877=8.505=4.476=2.238,2.686=6.446=17.189=29.544=42.973=53.717=48.345=37.602=24.172=11.818,0.022=0.041=0.061=0.08=0.098=0.093=0.08=0.061=0.041=0.022,2.954=5.64=8.326=11.012=13.429=12.758=11.012=8.326=5.64=2.954,0=0=0=0=0=0=0=0=0=0,0.012=0.031=0.054=0.071=0.098=0.086=0.061=0.037=0.02=0.01,0=5.44=13.6=27.2=46.24=54.4=48.96=38.08=21.76=10.88,1,1,0.97,0.97,0.97,0.97,0.97,0.97,0.72,0.97,0.97,0.97,1,0.97,0.72,1,0.97,0.72,0.97,0.72,0.72,0.97,0,3400,49.694,0.018=0.035=0.052=0.069=0.084=0.08=0.069=0.052=0.035=0.018,0=0.002=0.007=0.014=0.028=0.049=0.066=0.07=0.063=0.049,0.004=0.01=0.027=0.046=0.067=0.084=0.076=0.059=0.038=0.018,251,0.01=0.027=0.046=0.06=0.084=0.074=0.052=0.032=0.017=0.008,2420,0.192=0.512=0.88=1.152=1.6=1.408=0.992=0.608=0.32=0.16,2.686=6.446=17.189=29.544=42.973=53.717=48.345=37.602=24.172=11.818,0.008=0.022=0.039=0.05=0.07=0.062=0.043=0.027=0.014=0.007,3.545=9.454=16.249=21.272=29.544=25.999=18.317=11.227=5.909=2.954,2.578=6.876=11.818=15.47=21.487=18.908=13.322=8.165=4.297=2.149
地对空导弹,冷战,8000,0.002,0.005,1,43.988,0.006=0.016=0.028=0.037=0.051=0.045=0.031=0.019=0.01=0.005,0=0=0=0=0=0=0=0=0=0,11.47,0.006=0.016=0.028=0.037=0.051=0.045=0.031=0.019=0.01=0.005,0.007=0.019=0.033=0.044=0.061=0.054=0.038=0.023=0.012=0.006,0.007=0.019=0.033=0.044=0.061=0.054=0.038=0.023=0.012=0.006,232,2.784,0.001=0.003=0.009=0.016=0.023=0.029=0.026=0.02=0.013=0.006,0.009=0.023=0.039=0.051=0.071=0.063=0.044=0.027=0.014=0.007,1.829=4.876=8.381=10.971=15.238=13.41=9.448=5.791=3.048=1.524,1.829=4.389=11.703=20.114=29.257=36.572=32.914=25.6=16.457=8.046,0.016=0.03=0.044=0.058=0.071=0.067=0.058=0.044=0.03=0.016,2.011=3.84=5.669=7.497=9.143=8.686=7.497=5.669=3.84=2.011,0=0=0=0=0=0=0=0=0=0,0.009=0.023=0.039=0.051=0.071=0.063=0.044=0.027=0.014=0.007,0=4.59=11.475=22.95=39.015=45.9=41.31=32.13=18.36=9.18,0.997,0.997,0.937,0.937,0.937,0.937,0.937,0.937,0.687,0.937,0.937,0.937,0.997,0.937,0.687,0.997,0.937,0.687,0.937,0.687,0.687,0.937,0,2600,44.53,0.013=0.026=0.038=0.05=0.061=0.058=0.05=0.038=0.026=0.013,0=0.002=0.005=0.01=0.02=0.036=0.048=0.051=0.046=0.036,0.003=0.007=0.019=0.033=0.049=0.061=0.055=0.043=0.027=0.013,208,0.007=0.019=0.033=0.044=0.061=0.054=0.038=0.023=0.012=0.006,2070,0.139=0.371=0.638=0.835=1.16=1.021=0.719=0.441=0.232=0.116,1.829=4.389=11.703=20.114=29.257=36.572=32.914=25.6=16.457=8.046,0.006=0.016=0.028=0.037=0.051=0.045=0.031=0.019=0.01=0.005,2.414=6.437=11.063=14.482=20.114=17.701=12.471=7.643=4.023=2.011,1.755=4.681=8.046=10.533=14.629=12.873=9.07=5.559=2.926=1.463
地对空导弹,现代,100000,0.002,0.005,1,53,0.008=0.022=0.039=0.05=0.07=0.062=0.043=0.027=0.014=0.007,0=0=0=0=0=0=0=0=0=0,17.4,0.008=0.022=0.039=0.05=0.07=0.062=0.043=0.027=0.014=0.007,0.01=0.027=0.046=0.06=0.084=0.074=0.052=0.032=0.017=0.008,0.01=0.027=0.046=0.06=0.084=0.074=0.052=0.032=0.017=0.008,4,0.048,0.002=0.005=0.013=0.022=0.032=0.04=0.036=0.028=0.018=0.009,0.012=0.031=0.054=0.071=0.098=0.086=0.061=0.037=0.02=0.01,3.18=8.48=14.575=19.08=26.5=23.32=16.43=10.07=5.3=2.65,3.18=7.632=20.352=34.98=50.88=63.601=57.24=44.52=28.62=13.992,0.022=0.041=0.061=0.08=0.098=0.093=0.08=0.061=0.041=0.022,3.498=6.678=9.858=13.038=15.9=15.105=13.038=9.858=6.678=3.498,0=0=0=0=0=0=0=0=0=0,0.012=0.031=0.054=0.071=0.098=0.086=0.061=0.037=0.02=0.01,0=5.44=13.6=27.2=46.24=54.4=48.96=38.08=21.76=10.88,1,1,0.97,0.97,0.97,0.97,0.97,0.97,0.72,0.97,0.97,0.97,1,0.97,0.72,1,0.97,0.72,0.97,0.72,0.72,0.97,0,3200,52,0.018=0.035=0.052=0.069=0.084=0.08=0.069=0.052=0.035=0.018,0=0.002=0.007=0.014=0.028=0.049=0.066=0.07=0.063=0.049,0.004=0.01=0.027=0.046=0.067=0.084=0.076=0.059=0.038=0.018,251,0.01=0.027=0.046=0.06=0.084=0.074=0.052=0.032=0.017=0.008,2420,0.192=0.512=0.88=1.152=1.6=1.408=0.992=0.608=0.32=0.16,3.18=7.632=20.352=34.98=50.88=63.601=57.24=44.52=28.62=13.992,0.008=0.022=0.039=0.05=0.07=0.062=0.043=0.027=0.014=0.007,4.198=11.194=19.239=25.186=34.98=30.783=21.688=13.293=6.996=3.498,3.053=8.141=13.992=18.317=25.44=22.387=15.773=9.667=5.088=2.544
