武器种类,时代,成本,移动映射成本损耗/H,交战映射成本损耗/H,编制宽度,组织度,侦查（10阶段）,防御（10阶段）,装甲厚度,火控（10阶段）,电子干扰（10阶段）,电子抗性（10阶段）,燃料容量,燃料每轮消耗,对地友伤（10阶段）,对地命中（10阶段）,对地穿甲穿透（10阶段）,对地压制（10阶段）,对空命中（10阶段）,对空伤害（10阶段）,对空装甲穿透（不用设计就是0即可）,对海命中（10阶段）,对海装甲穿透（10阶段）,海洋适应性,平原适应性,城市适应性,丘陵适应性,森林适应性,丛林适应性,山地适应性,沙漠适应性,沼泽适应性,可通行冰面湖泊适应性,酷暑适应性,炎热适应性,温和适应性,严寒适应性,极寒适应性,晴朗适应性,小雨适应性,暴雨适应性,小雪适应性,暴风雪适应性,沙尘暴适应性,大雾适应性,人力占用,速度（km/h）,结构值,浮力值,装甲类型,拦截,潜艇隐身（10阶段）,雷达强度（10阶段）,雷达半径(km),声呐强度（10阶段）,核动力能容量,核动力能每轮消耗,船只吨位(万吨),对地伤害（10阶段）,对地探测（10阶段）,轻炮对海伤害（10阶段）,重炮对海伤害（10阶段）,鱼雷对海伤害（10阶段）,导弹对海伤害（10阶段）,对潜伤害（10阶段）
护卫舰,一战,12000,0.002,0.005,2,35.975,0.0480=0.0660=0.0840=0.1020=0.1200=0.1020=0.0840=0.0660=0.0480=0.0300,12.0000=13.2000=16.8000=20.4000=24.0000=20.4000=16.8000=13.2000=12.0000=12.0000,6.0,0.0900=0.0900=0.0900=0.0900=0.0900=0.0900=0.0900=0.0900=0.0900=0.0900,0.0120=0.0120=0.0120=0.0120=0.0120=0.0120=0.0120=0.0120=0.0120=0.0120,0.0300=0.0300=0.0300=0.0300=0.0300=0.0300=0.0300=0.0300=0.0300=0.0300,27,0.324,0.001=0.002=0.005=0.008=0.012=0.015=0.014=0.01=0.007=0.003,0.3000=0.3000=0.4500=0.6000=0.7500=0.6000=0.4500=0.3000=0.3000=0.3000,0=0=0=0=0=0=0=0=0=0,0=0=0=0=0=0=0=0=0=0,0.008=0.015=0.023=0.03=0.037=0.035=0.03=0.023=0.015=0.008,2.89=5.518=8.146=10.774=13.139=12.482=10.774=8.146=5.518=2.89,0=0=0=0=0=0=0=0=0=0,0.3000=0.3000=0.4500=0.6000=0.7500=0.6000=0.4500=0.3000=0.3000=0.3000,0.0000=0.0000=0.0000=0.0000=0.0000=0.0000=0.0000=0.0000=0.0000=0.0000,0.978,0.978,0.918,0.918,0.918,0.918,0.918,0.918,0.668,0.918,0.918,0.918,0.978,0.918,0.668,0.978,0.918,0.668,0.918,0.668,0.668,0.918,2,45,115.2,113.4,0,0=0=0=0=0=0=0=0=0=0,0.0000=0.0000=0.0000=0.0000=0.0000=0.0000=0.0000=0.0000=0.0000=0.0000,0.0750=0.0900=0.1050=0.1200=0.1350=0.1500=0.1350=0.1200=0.1050=0.0900,50,0.1080=0.1260=0.1440=0.1620=0.1800=0.1620=0.1440=0.1260=0.1080=0.0900,0,0,0.08,1.0800=1.0800=1.0800=1.0800=1.0800=1.0800=1.0800=1.0800=1.0800=1.0800,0.0300=0.0360=0.0420=0.0480=0.0540=0.0600=0.0540=0.0480=0.0420=0.0360,1.0800=1.3500=2.7000=4.0500=5.4000=4.0500=2.7000=1.3500=1.0800=1.0800,0.0000=0.0000=0.0000=0.0000=0.0000=0.0000=0.0000=0.0000=0.0000=0.0000,1.5000=3.7500=7.5000=11.2500=15.0000=11.2500=7.5000=3.7500=1.5000=1.5000,7.2000=9.9000=12.6000=15.3000=18.0000=15.3000=12.6000=9.9000=7.2000=5.4000,0.7500=0.9375=1.8750=2.8125=3.7500=2.8125=1.8750=0.9375=0.7500=0.7500
护卫舰,二战,15000,0.002,0.005,2,39.188,0.0800=0.1100=0.1400=0.1700=0.2000=0.1700=0.1400=0.1100=0.0800=0.0500,20.0000=22.0000=28.0000=34.0000=40.0000=34.0000=28.0000=22.0000=20.0000=20.0000,10.0,0.1500=0.1500=0.1500=0.1500=0.1500=0.1500=0.1500=0.1500=0.1500=0.1500,0.0200=0.0200=0.0200=0.0200=0.0200=0.0200=0.0200=0.0200=0.0200=0.0200,0.0500=0.0500=0.0500=0.0500=0.0500=0.0500=0.0500=0.0500=0.0500=0.0500,45,0.54,0.001=0.002=0.006=0.011=0.016=0.02=0.018=0.014=0.009=0.004,0.3000=0.3000=0.4500=0.6000=0.7500=0.6000=0.4500=0.3000=0.3000=0.3000,0=0=0=0=0=0=0=0=0=0,0=0=0=0=0=0=0=0=0=0,0.011=0.021=0.03=0.04=0.049=0.047=0.04=0.03=0.021=0.011,3.939=7.52=11.101=14.683=17.906=17.01=14.683=11.101=7.52=3.939,0=0=0=0=0=0=0=0=0=0,0.3000=0.3000=0.4500=0.6000=0.7500=0.6000=0.4500=0.3000=0.3000=0.3000,0.0000=0.0000=0.0000=0.0000=0.0000=0.0000=0.0000=0.0000=0.0000=0.0000,0.99,0.99,0.93,0.93,0.93,0.93,0.93,0.93,0.68,0.93,0.93,0.93,0.99,0.93,0.68,0.99,0.93,0.68,0.93,0.68,0.68,0.93,2,50,192.0,121.4,0,0=0=0=0=0=0=0=0=0=0,0.0000=0.0000=0.0000=0.0000=0.0000=0.0000=0.0000=0.0000=0.0000=0.0000,0.1250=0.1500=0.1750=0.2000=0.2250=0.2500=0.2250=0.2000=0.1750=0.1500,50,0.1800=0.2100=0.2400=0.2700=0.3000=0.2700=0.2400=0.2100=0.1800=0.1500,0,0,0.12,1.8000=1.8000=1.8000=1.8000=1.8000=1.8000=1.8000=1.8000=1.8000=1.8000,0.0500=0.0600=0.0700=0.0800=0.0900=0.1000=0.0900=0.0800=0.0700=0.0600,1.8000=2.2500=4.5000=6.7500=9.0000=6.7500=4.5000=2.2500=1.8000=1.8000,0.0000=0.0000=0.0000=0.0000=0.0000=0.0000=0.0000=0.0000=0.0000=0.0000,2.5000=6.2500=12.5000=18.7500=25.0000=18.7500=12.5000=6.2500=2.5000=2.5000,12.0000=16.5000=21.0000=25.5000=30.0000=25.5000=21.0000=16.5000=12.0000=9.0000,1.2500=1.5625=3.1250=4.6875=6.2500=4.6875=3.1250=1.5625=1.2500=1.2500
护卫舰,冷战,60000,0.002,0.005,2,45.912,0.1200=0.1650=0.2100=0.2550=0.3000=0.2550=0.2100=0.1650=0.1200=0.0750,30.0000=33.0000=42.0000=51.0000=60.0000=51.0000=42.0000=33.0000=30.0000=30.0000,15.0,0.2250=0.2250=0.2250=0.2250=0.2250=0.2250=0.2250=0.2250=0.2250=0.2250,0.0300=0.0300=0.0300=0.0300=0.0300=0.0300=0.0300=0.0300=0.0300=0.0300,0.0750=0.0750=0.0750=0.0750=0.0750=0.0750=0.0750=0.0750=0.0750=0.0750,261,3.132,0.001=0.003=0.009=0.016=0.023=0.029=0.026=0.02=0.013=0.006,0.3000=0.3000=0.4500=0.6000=0.7500=0.6000=0.4500=0.3000=0.3000=0.3000,0=0=0=0=0=0=0=0=0=0,0=0=0=0=0=0=0=0=0=0,0.016=0.03=0.044=0.058=0.071=0.067=0.058=0.044=0.03=0.016,6.48=12.371=18.261=24.152=29.454=27.981=24.152=18.261=12.371=6.48,0=0=0=0=0=0=0=0=0=0,0.3000=0.3000=0.4500=0.6000=0.7500=0.6000=0.4500=0.3000=0.3000=0.3000,0.0000=0.0000=0.0000=0.0000=0.0000=0.0000=0.0000=0.0000=0.0000=0.0000,1,1,0.952,0.952,0.952,0.952,0.952,0.952,0.702,0.952,0.952,0.952,1,0.952,0.702,1,0.952,0.702,0.952,0.702,0.702,0.952,2,55,288.0,140.3,0,0=0=0=0=0=0=0=0=0=0,0.0000=0.0000=0.0000=0.0000=0.0000=0.0000=0.0000=0.0000=0.0000=0.0000,0.1875=0.2250=0.2625=0.3000=0.3375=0.3750=0.3375=0.3000=0.2625=0.2250,50,0.2700=0.3150=0.3600=0.4050=0.4500=0.4050=0.3600=0.3150=0.2700=0.2250,0,0,0.25,2.7000=2.7000=2.7000=2.7000=2.7000=2.7000=2.7000=2.7000=2.7000=2.7000,0.0750=0.0900=0.1050=0.1200=0.1350=0.1500=0.1350=0.1200=0.1050=0.0900,2.7000=3.3750=6.7500=10.1250=13.5000=10.1250=6.7500=3.3750=2.7000=2.7000,0.0000=0.0000=0.0000=0.0000=0.0000=0.0000=0.0000=0.0000=0.0000=0.0000,3.7500=9.3750=18.7500=28.1250=37.5000=28.1250=18.7500=9.3750=3.7500=3.7500,18.0000=24.7500=31.5000=38.2500=45.0000=38.2500=31.5000=24.7500=18.0000=13.5000,1.8750=2.3438=4.6875=7.0312=9.3750=7.0312=4.6875=2.3438=1.8750=1.8750
护卫舰,现代,150000,0.002,0.005,2,53.387,0.2000=0.2750=0.3500=0.4250=0.5000=0.4250=0.3500=0.2750=0.2000=0.1250,50.0000=55.0000=70.0000=85.0000=100.0000=85.0000=70.0000=55.0000=50.0000=50.0000,25.0,0.3750=0.3750=0.3750=0.3750=0.3750=0.3750=0.3750=0.3750=0.3750=0.3750,0.0500=0.0500=0.0500=0.0500=0.0500=0.0500=0.0500=0.0500=0.0500=0.0500,0.1250=0.1250=0.1250=0.1250=0.1250=0.1250=0.1250=0.1250=0.1250=0.1250,9,0.108,0.002=0.005=0.013=0.022=0.032=0.04=0.036=0.028=0.018=0.009,0.3000=0.3000=0.4500=0.6000=0.7500=0.6000=0.4500=0.3000=0.3000=0.3000,0=0=0=0=0=0=0=0=0=0,0=0=0=0=0=0=0=0=0=0,0.022=0.041=0.061=0.08=0.098=0.093=0.08=0.061=0.041=0.022,9.638=18.4=27.162=35.923=43.809=41.619=35.923=27.162=18.4=9.638,0=0=0=0=0=0=0=0=0=0,0.3000=0.3000=0.4500=0.6000=0.7500=0.6000=0.4500=0.3000=0.3000=0.3000,0.0000=0.0000=0.0000=0.0000=0.0000=0.0000=0.0000=0.0000=0.0000=0.0000,1,1,0.98,0.98,0.98,0.98,0.98,0.98,0.73,0.98,0.98,0.98,1,0.98,0.73,1,0.98,0.73,0.98,0.73,0.73,0.98,2,60,480.0,159.8,0,0=0=0=0=0=0=0=0=0=0,0.0000=0.0000=0.0000=0.0000=0.0000=0.0000=0.0000=0.0000=0.0000=0.0000,0.3125=0.3750=0.4375=0.5000=0.5625=0.6250=0.5625=0.5000=0.4375=0.3750,50,0.4500=0.5250=0.6000=0.6750=0.7500=0.6750=0.6000=0.5250=0.4500=0.3750,0,0,0.4,4.5000=4.5000=4.5000=4.5000=4.5000=4.5000=4.5000=4.5000=4.5000=4.5000,0.1250=0.1500=0.1750=0.2000=0.2250=0.2500=0.2250=0.2000=0.1750=0.1500,4.5000=5.6250=11.2500=16.8750=22.5000=16.8750=11.2500=5.6250=4.5000=4.5000,0.0000=0.0000=0.0000=0.0000=0.0000=0.0000=0.0000=0.0000=0.0000=0.0000,6.2500=15.6250=31.2500=46.8750=62.5000=46.8750=31.2500=15.6250=6.2500=6.2500,30.0000=41.2500=52.5000=63.7500=75.0000=63.7500=52.5000=41.2500=30.0000=22.5000,3.1250=3.9062=7.8125=11.7188=15.6250=11.7188=7.8125=3.9062=3.1250=3.1250
驱逐舰,一战,20000,0.002,0.005,4,36.463,0.0960=0.1320=0.1680=0.2040=0.2400=0.2040=0.1680=0.1320=0.0960=0.0600,30.0000=33.0000=42.0000=51.0000=60.0000=51.0000=42.0000=33.0000=30.0000=30.0000,12.0,0.0900=0.0900=0.0900=0.0900=0.0900=0.0900=0.0900=0.0900=0.0900=0.0900,0.0120=0.0120=0.0120=0.0120=0.0120=0.0120=0.0120=0.0120=0.0120=0.0120,0.0300=0.0300=0.0300=0.0300=0.0300=0.0300=0.0300=0.0300=0.0300=0.0300,45,0.54,0.001=0.002=0.005=0.008=0.012=0.015=0.014=0.01=0.007=0.003,0.3000=0.3000=0.4500=0.6000=0.7500=0.6000=0.4500=0.3000=0.3000=0.3000,0=0=0=0=0=0=0=0=0=0,0=0=0=0=0=0=0=0=0=0,0.008=0.015=0.023=0.03=0.037=0.035=0.03=0.023=0.015=0.008,3.037=5.798=8.558=11.319=13.804=13.114=11.319=8.558=5.798=3.037,0=0=0=0=0=0=0=0=0=0,0.3000=0.3000=0.4500=0.6000=0.7500=0.6000=0.4500=0.3000=0.3000=0.3000,1.2960=1.6200=3.2400=4.8600=6.4800=4.8600=3.2400=1.6200=1.2960=1.2960,0.978,0.978,0.918,0.918,0.918,0.918,0.918,0.918,0.668,0.918,0.918,0.918,0.978,0.918,0.668,0.978,0.918,0.668,0.918,0.668,0.668,0.918,5,65,288.0,115.7,0,0=0=0=0=0=0=0=0=0=0,0.0000=0.0000=0.0000=0.0000=0.0000=0.0000=0.0000=0.0000=0.0000=0.0000,0.0900=0.1080=0.1260=0.1440=0.1620=0.1800=0.1620=0.1440=0.1260=0.1080,60,0.1440=0.1680=0.1920=0.2160=0.2400=0.2160=0.1920=0.1680=0.1440=0.1200,0,0,0.15,3.2400=3.2400=3.2400=3.2400=3.2400=3.2400=3.2400=3.2400=3.2400=3.2400,0.0300=0.0360=0.0420=0.0480=0.0540=0.0600=0.0540=0.0480=0.0420=0.0360,3.2400=4.0500=8.1000=12.1500=16.2000=12.1500=8.1000=4.0500=3.2400=3.2400,1.2960=1.6200=3.2400=4.8600=6.4800=4.8600=3.2400=1.6200=1.2960=1.2960,12.0000=30.0000=60.0000=90.0000=120.0000=90.0000=60.0000=30.0000=12.0000=12.0000,7.2000=9.9000=12.6000=15.3000=18.0000=15.3000=12.6000=9.9000=7.2000=5.4000,24.0000=30.0000=60.0000=90.0000=120.0000=90.0000=60.0000=30.0000=24.0000=24.0000
驱逐舰,二战,25000,0.002,0.005,4,39.676,0.1600=0.2200=0.2800=0.3400=0.4000=0.3400=0.2800=0.2200=0.1600=0.1000,50.0000=55.0000=70.0000=85.0000=100.0000=85.0000=70.0000=55.0000=50.0000=50.0000,20.0,0.1500=0.1500=0.1500=0.1500=0.1500=0.1500=0.1500=0.1500=0.1500=0.1500,0.0200=0.0200=0.0200=0.0200=0.0200=0.0200=0.0200=0.0200=0.0200=0.0200,0.0500=0.0500=0.0500=0.0500=0.0500=0.0500=0.0500=0.0500=0.0500=0.0500,75,0.9,0.001=0.002=0.006=0.011=0.016=0.02=0.018=0.014=0.009=0.004,0.3000=0.3000=0.4500=0.6000=0.7500=0.6000=0.4500=0.3000=0.3000=0.3000,0=0=0=0=0=0=0=0=0=0,0=0=0=0=0=0=0=0=0=0,0.011=0.021=0.03=0.04=0.049=0.047=0.04=0.03=0.021=0.011,4.134=7.893=11.651=15.41=18.792=17.853=15.41=11.651=7.893=4.134,0=0=0=0=0=0=0=0=0=0,0.3000=0.3000=0.4500=0.6000=0.7500=0.6000=0.4500=0.3000=0.3000=0.3000,2.1600=2.7000=5.4000=8.1000=10.8000=8.1000=5.4000=2.7000=2.1600=2.1600,0.99,0.99,0.93,0.93,0.93,0.93,0.93,0.93,0.68,0.93,0.93,0.93,0.99,0.93,0.68,0.99,0.93,0.68,0.93,0.68,0.68,0.93,5,70,480.0,123.7,0,0=0=0=0=0=0=0=0=0=0,0.0000=0.0000=0.0000=0.0000=0.0000=0.0000=0.0000=0.0000=0.0000=0.0000,0.1500=0.1800=0.2100=0.2400=0.2700=0.3000=0.2700=0.2400=0.2100=0.1800,60,0.2400=0.2800=0.3200=0.3600=0.4000=0.3600=0.3200=0.2800=0.2400=0.2000,0,0,0.25,5.4000=5.4000=5.4000=5.4000=5.4000=5.4000=5.4000=5.4000=5.4000=5.4000,0.0500=0.0600=0.0700=0.0800=0.0900=0.1000=0.0900=0.0800=0.0700=0.0600,5.4000=6.7500=13.5000=20.2500=27.0000=20.2500=13.5000=6.7500=5.4000=5.4000,2.1600=2.7000=5.4000=8.1000=10.8000=8.1000=5.4000=2.7000=2.1600=2.1600,20.0000=50.0000=100.0000=150.0000=200.0000=150.0000=100.0000=50.0000=20.0000=20.0000,12.0000=16.5000=21.0000=25.5000=30.0000=25.5000=21.0000=16.5000=12.0000=9.0000,40.0000=50.0000=100.0000=150.0000=200.0000=150.0000=100.0000=50.0000=40.0000=40.0000
驱逐舰,冷战,120000,0.002,0.005,4,46.574,0.2400=0.3300=0.4200=0.5100=0.6000=0.5100=0.4200=0.3300=0.2400=0.1500,75.0000=82.5000=105.0000=127.5000=150.0000=127.5000=105.0000=82.5000=75.0000=75.0000,30.0,0.2250=0.2250=0.2250=0.2250=0.2250=0.2250=0.2250=0.2250=0.2250=0.2250,0.0300=0.0300=0.0300=0.0300=0.0300=0.0300=0.0300=0.0300=0.0300=0.0300,0.0750=0.0750=0.0750=0.0750=0.0750=0.0750=0.0750=0.0750=0.0750=0.0750,522,6.264,0.001=0.003=0.009=0.016=0.023=0.029=0.026=0.02=0.013=0.006,0.3000=0.3000=0.4500=0.6000=0.7500=0.6000=0.4500=0.3000=0.3000=0.3000,0=0=0=0=0=0=0=0=0=0,0=0=0=0=0=0=0=0=0=0,0.016=0.03=0.044=0.058=0.071=0.067=0.058=0.044=0.03=0.016,6.864=13.104=19.344=25.584=31.199=29.639=25.584=19.344=13.104=6.864,0=0=0=0=0=0=0=0=0=0,0.3000=0.3000=0.4500=0.6000=0.7500=0.6000=0.4500=0.3000=0.3000=0.3000,3.2400=4.0500=8.1000=12.1500=16.2000=12.1500=8.1000=4.0500=3.2400=3.2400,1,1,0.952,0.952,0.952,0.952,0.952,0.952,0.702,0.952,0.952,0.952,1,0.952,0.702,1,0.952,0.702,0.952,0.702,0.702,0.952,5,75,720.0,143.4,0,0=0=0=0=0=0=0=0=0=0,0.0000=0.0000=0.0000=0.0000=0.0000=0.0000=0.0000=0.0000=0.0000=0.0000,0.2250=0.2700=0.3150=0.3600=0.4050=0.4500=0.4050=0.3600=0.3150=0.2700,60,0.3600=0.4200=0.4800=0.5400=0.6000=0.5400=0.4800=0.4200=0.3600=0.3000,0,0,0.45,8.1000=8.1000=8.1000=8.1000=8.1000=8.1000=8.1000=8.1000=8.1000=8.1000,0.0750=0.0900=0.1050=0.1200=0.1350=0.1500=0.1350=0.1200=0.1050=0.0900,8.1000=10.1250=20.2500=30.3750=40.5000=30.3750=20.2500=10.1250=8.1000=8.1000,3.2400=4.0500=8.1000=12.1500=16.2000=12.1500=8.1000=4.0500=3.2400=3.2400,30.0000=75.0000=150.0000=225.0000=300.0000=225.0000=150.0000=75.0000=30.0000=30.0000,18.0000=24.7500=31.5000=38.2500=45.0000=38.2500=31.5000=24.7500=18.0000=13.5000,60.0000=75.0000=150.0000=225.0000=300.0000=225.0000=150.0000=75.0000=60.0000=60.0000
驱逐舰,现代,350000,0.002,0.005,4,54.197,0.4000=0.5500=0.7000=0.8500=1.0000=0.8500=0.7000=0.5500=0.4000=0.2500,125.0000=137.5000=175.0000=212.5000=250.0000=212.5000=175.0000=137.5000=125.0000=125.0000,50.0,0.3750=0.3750=0.3750=0.3750=0.3750=0.3750=0.3750=0.3750=0.3750=0.3750,0.0500=0.0500=0.0500=0.0500=0.0500=0.0500=0.0500=0.0500=0.0500=0.0500,0.1250=0.1250=0.1250=0.1250=0.1250=0.1250=0.1250=0.1250=0.1250=0.1250,21,0.252,0.002=0.005=0.013=0.022=0.032=0.04=0.036=0.028=0.018=0.009,0.3000=0.3000=0.4500=0.6000=0.7500=0.6000=0.4500=0.3000=0.3000=0.3000,0=0=0=0=0=0=0=0=0=0,0=0=0=0=0=0=0=0=0=0,0.022=0.041=0.061=0.08=0.098=0.093=0.08=0.061=0.041=0.022,10.286=19.636=28.987=38.337=46.753=44.415=38.337=28.987=19.636=10.286,0=0=0=0=0=0=0=0=0=0,0.3000=0.3000=0.4500=0.6000=0.7500=0.6000=0.4500=0.3000=0.3000=0.3000,5.4000=6.7500=13.5000=20.2500=27.0000=20.2500=13.5000=6.7500=5.4000=5.4000,1,1,0.98,0.98,0.98,0.98,0.98,0.98,0.73,0.98,0.98,0.98,1,0.98,0.73,1,0.98,0.73,0.98,0.73,0.73,0.98,5,80,1200.0,163.7,0,0=0=0=0=0=0=0=0=0=0,0.0000=0.0000=0.0000=0.0000=0.0000=0.0000=0.0000=0.0000=0.0000=0.0000,0.3750=0.4500=0.5250=0.6000=0.6750=0.7500=0.6750=0.6000=0.5250=0.4500,60,0.6000=0.7000=0.8000=0.9000=1.0000=0.9000=0.8000=0.7000=0.6000=0.5000,0,0,0.8,13.5000=13.5000=13.5000=13.5000=13.5000=13.5000=13.5000=13.5000=13.5000=13.5000,0.1250=0.1500=0.1750=0.2000=0.2250=0.2500=0.2250=0.2000=0.1750=0.1500,13.5000=16.8750=33.7500=50.6250=67.5000=50.6250=33.7500=16.8750=13.5000=13.5000,5.4000=6.7500=13.5000=20.2500=27.0000=20.2500=13.5000=6.7500=5.4000=5.4000,50.0000=125.0000=250.0000=375.0000=500.0000=375.0000=250.0000=125.0000=50.0000=50.0000,30.0000=41.2500=52.5000=63.7500=75.0000=63.7500=52.5000=41.2500=30.0000=22.5000,100.0000=125.0000=250.0000=375.0000=500.0000=375.0000=250.0000=125.0000=100.0000=100.0000
轻型巡洋舰,一战,45000,0.002,0.005,8,37.237,0.1920=0.2640=0.3360=0.4080=0.4800=0.4080=0.3360=0.2640=0.1920=0.1200,90.0000=99.0000=126.0000=153.0000=180.0000=153.0000=126.0000=99.0000=90.0000=90.0000,30.0,0.0780=0.0780=0.0780=0.0780=0.0780=0.0780=0.0780=0.0780=0.0780=0.0780,0.0120=0.0120=0.0120=0.0120=0.0120=0.0120=0.0120=0.0120=0.0120=0.0120,0.0300=0.0300=0.0300=0.0300=0.0300=0.0300=0.0300=0.0300=0.0300=0.0300,1012.5,12.15,0.001=0.002=0.005=0.008=0.012=0.015=0.014=0.01=0.007=0.003,0.2800=0.2800=0.4200=0.5600=0.7000=0.5600=0.4200=0.2800=0.2800=0.2800,0=0=0=0=0=0=0=0=0=0,0=0=0=0=0=0=0=0=0=0,0.008=0.015=0.023=0.03=0.037=0.035=0.03=0.023=0.015=0.008,3.269=6.241=9.213=12.185=14.86=14.117=12.185=9.213=6.241=3.269,0=0=0=0=0=0=0=0=0=0,0.2800=0.2800=0.4200=0.5600=0.7000=0.5600=0.4200=0.2800=0.2800=0.2800,4.3200=5.4000=10.8000=16.2000=21.6000=16.2000=10.8000=5.4000=4.3200=4.3200,0.978,0.978,0.918,0.918,0.918,0.918,0.918,0.918,0.668,0.918,0.918,0.918,0.978,0.918,0.668,0.978,0.918,0.668,0.918,0.668,0.668,0.918,11,55,1152.0,119.4,0,0=0=0=0=0=0=0=0=0=0,0.0000=0.0000=0.0000=0.0000=0.0000=0.0000=0.0000=0.0000=0.0000=0.0000,0.1200=0.1440=0.1680=0.1920=0.2160=0.2400=0.2160=0.1920=0.1680=0.1440,80,0=0=0=0=0=0=0=0=0=0,0,0,0.5,8.6400=8.6400=8.6400=8.6400=8.6400=8.6400=8.6400=8.6400=8.6400=8.6400,0.0450=0.0540=0.0630=0.0720=0.0810=0.0900=0.0810=0.0720=0.0630=0.0540,8.6400=10.8000=21.6000=32.4000=43.2000=32.4000=21.6000=10.8000=8.6400=8.6400,4.3200=5.4000=10.8000=16.2000=21.6000=16.2000=10.8000=5.4000=4.3200=4.3200,18.0000=45.0000=90.0000=135.0000=180.0000=135.0000=90.0000=45.0000=18.0000=18.0000,0.0000=0.0000=0.0000=0.0000=0.0000=0.0000=0.0000=0.0000=0.0000=0.0000,27.0000=33.7500=67.5000=101.2500=135.0000=101.2500=67.5000=33.7500=27.0000=27.0000
轻型巡洋舰,二战,60000,0.002,0.005,8,40.512,0.3200=0.4400=0.5600=0.6800=0.8000=0.6800=0.5600=0.4400=0.3200=0.2000,150.0000=165.0000=210.0000=255.0000=300.0000=255.0000=210.0000=165.0000=150.0000=150.0000,50.0,0.1300=0.1300=0.1300=0.1300=0.1300=0.1300=0.1300=0.1300=0.1300=0.1300,0.0200=0.0200=0.0200=0.0200=0.0200=0.0200=0.0200=0.0200=0.0200=0.0200,0.0500=0.0500=0.0500=0.0500=0.0500=0.0500=0.0500=0.0500=0.0500=0.0500,18,0.216,0.001=0.002=0.006=0.011=0.016=0.02=0.018=0.014=0.009=0.004,0.2800=0.2800=0.4200=0.5600=0.7000=0.5600=0.4200=0.2800=0.2800=0.2800,0=0=0=0=0=0=0=0=0=0,0=0=0=0=0=0=0=0=0=0,0.011=0.021=0.03=0.04=0.049=0.047=0.04=0.03=0.021=0.011,4.469=8.531=12.594=16.657=20.313=19.297=16.657=12.594=8.531=4.469,0=0=0=0=0=0=0=0=0=0,0.2800=0.2800=0.4200=0.5600=0.7000=0.5600=0.4200=0.2800=0.2800=0.2800,7.2000=9.0000=18.0000=27.0000=36.0000=27.0000=18.0000=9.0000=7.2000=7.2000,0.99,0.99,0.93,0.93,0.93,0.93,0.93,0.93,0.68,0.93,0.93,0.93,0.99,0.93,0.68,0.99,0.93,0.68,0.93,0.68,0.68,0.93,11,60,1920.0,127.7,0,0=0=0=0=0=0=0=0=0=0,0.0000=0.0000=0.0000=0.0000=0.0000=0.0000=0.0000=0.0000=0.0000=0.0000,0.2000=0.2400=0.2800=0.3200=0.3600=0.4000=0.3600=0.3200=0.2800=0.2400,80,0=0=0=0=0=0=0=0=0=0,0,0,0.8,14.4000=14.4000=14.4000=14.4000=14.4000=14.4000=14.4000=14.4000=14.4000=14.4000,0.0750=0.0900=0.1050=0.1200=0.1350=0.1500=0.1350=0.1200=0.1050=0.0900,14.4000=18.0000=36.0000=54.0000=72.0000=54.0000=36.0000=18.0000=14.4000=14.4000,7.2000=9.0000=18.0000=27.0000=36.0000=27.0000=18.0000=9.0000=7.2000=7.2000,30.0000=75.0000=150.0000=225.0000=300.0000=225.0000=150.0000=75.0000=30.0000=30.0000,0.0000=0.0000=0.0000=0.0000=0.0000=0.0000=0.0000=0.0000=0.0000=0.0000,45.0000=56.2500=112.5000=168.7500=225.0000=168.7500=112.5000=56.2500=45.0000=45.0000
重型巡洋舰,一战,80000,0.002,0.005,12,37.787,0.1800=0.2880=0.3960=0.5040=0.6120=0.7200=0.6120=0.5040=0.3960=0.2880,180.0000=180.0000=198.0000=252.0000=306.0000=360.0000=306.0000=252.0000=198.0000=180.0000,60.0,0.0720=0.0720=0.0720=0.0720=0.0720=0.0720=0.0720=0.0720=0.0720=0.0720,0.0120=0.0120=0.0120=0.0120=0.0120=0.0120=0.0120=0.0120=0.0120=0.0120,0.0300=0.0300=0.0300=0.0300=0.0300=0.0300=0.0300=0.0300=0.0300=0.0300,18,0.216,0.001=0.002=0.005=0.008=0.012=0.015=0.014=0.01=0.007=0.003,0.2600=0.2600=0.2600=0.3900=0.5200=0.6500=0.5200=0.3900=0.2600=0.2600,0=0=0=0=0=0=0=0=0=0,0=0=0=0=0=0=0=0=0=0,0.008=0.015=0.023=0.03=0.037=0.035=0.03=0.023=0.015=0.008,3.434=6.556=9.678=12.8=15.609=14.829=12.8=9.678=6.556=3.434,0=0=0=0=0=0=0=0=0=0,0.2600=0.2600=0.2600=0.3900=0.5200=0.6500=0.5200=0.3900=0.2600=0.2600,25.9200=25.9200=51.8400=77.7600=103.6800=129.6000=103.6800=77.7600=51.8400=25.9200,0.978,0.978,0.918,0.918,0.918,0.918,0.918,0.918,0.668,0.918,0.918,0.918,0.978,0.918,0.668,0.978,0.918,0.668,0.918,0.668,0.668,0.918,16,50,2160.0,122.0,1,0=0=0=0=0=0=0=0=0=0,0.0000=0.0000=0.0000=0.0000=0.0000=0.0000=0.0000=0.0000=0.0000=0.0000,0.1500=0.1800=0.2100=0.2400=0.2700=0.3000=0.2700=0.2400=0.2100=0.1800,100,0=0=0=0=0=0=0=0=0=0,0,0,1,6.4800=6.4800=6.4800=6.4800=6.4800=6.4800=6.4800=6.4800=6.4800=6.4800,0.0600=0.0720=0.0840=0.0960=0.1080=0.1200=0.1080=0.0960=0.0840=0.0720,6.4800=6.4800=12.9600=19.4400=25.9200=32.4000=25.9200=19.4400=12.9600=6.4800,25.9200=25.9200=51.8400=77.7600=103.6800=129.6000=103.6800=77.7600=51.8400=25.9200,18.0000=36.0000=72.0000=108.0000=144.0000=180.0000=144.0000=108.0000=72.0000=36.0000,0.0000=0.0000=0.0000=0.0000=0.0000=0.0000=0.0000=0.0000=0.0000=0.0000,18.0000=18.0000=36.0000=54.0000=72.0000=90.0000=72.0000=54.0000=36.0000=18.0000
重型巡洋舰,二战,120000,0.002,0.005,12,41.174,0.3000=0.4800=0.6600=0.8400=1.0200=1.2000=1.0200=0.8400=0.6600=0.4800,300.0000=300.0000=330.0000=420.0000=510.0000=600.0000=510.0000=420.0000=330.0000=300.0000,100.0,0.1200=0.1200=0.1200=0.1200=0.1200=0.1200=0.1200=0.1200=0.1200=0.1200,0.0200=0.0200=0.0200=0.0200=0.0200=0.0200=0.0200=0.0200=0.0200=0.0200,0.0500=0.0500=0.0500=0.0500=0.0500=0.0500=0.0500=0.0500=0.0500=0.0500,36,0.432,0.001=0.002=0.006=0.011=0.016=0.02=0.018=0.014=0.009=0.004,0.2600=0.2600=0.2600=0.3900=0.5200=0.6500=0.5200=0.3900=0.2600=0.2600,0=0=0=0=0=0=0=0=0=0,0=0=0=0=0=0=0=0=0=0,0.011=0.021=0.03=0.04=0.049=0.047=0.04=0.03=0.021=0.011,4.734=9.037=13.34=17.644=21.517=20.441=17.644=13.34=9.037=4.734,0=0=0=0=0=0=0=0=0=0,0.2600=0.2600=0.2600=0.3900=0.5200=0.6500=0.5200=0.3900=0.2600=0.2600,43.2000=43.2000=86.4000=129.6000=172.8000=216.0000=172.8000=129.6000=86.4000=43.2000,0.99,0.99,0.93,0.93,0.93,0.93,0.93,0.93,0.68,0.93,0.93,0.93,0.99,0.93,0.68,0.99,0.93,0.68,0.93,0.68,0.68,0.93,16,60,3600.0,130.8,1,0=0=0=0=0=0=0=0=0=0,0.0000=0.0000=0.0000=0.0000=0.0000=0.0000=0.0000=0.0000=0.0000=0.0000,0.2500=0.3000=0.3500=0.4000=0.4500=0.5000=0.4500=0.4000=0.3500=0.3000,100,0=0=0=0=0=0=0=0=0=0,0,0,1.4,10.8000=10.8000=10.8000=10.8000=10.8000=10.8000=10.8000=10.8000=10.8000=10.8000,0.1000=0.1200=0.1400=0.1600=0.1800=0.2000=0.1800=0.1600=0.1400=0.1200,10.8000=10.8000=21.6000=32.4000=43.2000=54.0000=43.2000=32.4000=21.6000=10.8000,43.2000=43.2000=86.4000=129.6000=172.8000=216.0000=172.8000=129.6000=86.4000=43.2000,30.0000=60.0000=120.0000=180.0000=240.0000=300.0000=240.0000=180.0000=120.0000=60.0000,0.0000=0.0000=0.0000=0.0000=0.0000=0.0000=0.0000=0.0000=0.0000=0.0000,30.0000=30.0000=60.0000=90.0000=120.0000=150.0000=120.0000=90.0000=60.0000=30.0000
导弹巡洋舰,冷战,350000,0.002,0.005,14,47.597,0.4200=0.5250=0.8400=1.1550=1.4700=1.7850=2.1000=1.7850=1.4700=1.1550,525.0000=525.0000=525.0000=577.5000=735.0000=892.5000=1050.0000=892.5000=735.0000=577.5000,120.0,0.3000=0.3000=0.3000=0.3000=0.3000=0.3000=0.3000=0.3000=0.3000=0.3000,0.0300=0.0300=0.0300=0.0300=0.0300=0.0300=0.0300=0.0300=0.0300=0.0300,0.0750=0.0750=0.0750=0.0750=0.0750=0.0750=0.0750=0.0750=0.0750=0.0750,15225,182.7,0.001=0.003=0.009=0.016=0.023=0.029=0.026=0.02=0.013=0.006,0.3200=0.3200=0.3200=0.3200=0.4800=0.6400=0.8000=0.6400=0.4800=0.3200,0=0=0=0=0=0=0=0=0=0,0=0=0=0=0=0=0=0=0=0,0.016=0.03=0.044=0.058=0.071=0.067=0.058=0.044=0.03=0.016,7.457=14.236=21.015=27.794=33.896=32.201=27.794=21.015=14.236=7.457,0=0=0=0=0=0=0=0=0=0,0.3200=0.3200=0.3200=0.3200=0.4800=0.6400=0.8000=0.6400=0.4800=0.3200,37.8000=47.2500=75.6000=103.9500=132.3000=160.6500=189.0000=160.6500=132.3000=103.9500,1,1,0.952,0.952,0.952,0.952,0.952,0.952,0.702,0.952,0.952,0.952,1,0.952,0.702,1,0.952,0.702,0.952,0.702,0.702,0.952,19,60,7560.0,148.3,1,0=0=0=0=0=0=0=0=0=0,0.0000=0.0000=0.0000=0.0000=0.0000=0.0000=0.0000=0.0000=0.0000=0.0000,0.6750=0.8100=0.9450=1.0800=1.2150=1.3500=1.2150=1.0800=0.9450=0.8100,250,0=0=0=0=0=0=0=0=0=0,0,0,1.8,18.9000=18.9000=18.9000=18.9000=18.9000=18.9000=18.9000=18.9000=18.9000=18.9000,0.4500=0.5400=0.6300=0.7200=0.8100=0.9000=0.8100=0.7200=0.6300=0.5400,18.9000=23.6250=37.8000=51.9750=66.1500=80.3250=94.5000=80.3250=66.1500=51.9750,37.8000=47.2500=75.6000=103.9500=132.3000=160.6500=189.0000=160.6500=132.3000=103.9500,26.2500=65.6250=105.0000=144.3750=183.7500=223.1250=262.5000=223.1250=183.7500=144.3750,283.5000=283.5000=378.0000=519.7500=661.5000=803.2500=945.0000=803.2500=661.5000=519.7500,13.1250=16.4062=26.2500=36.0938=45.9375=55.7812=65.6250=55.7812=45.9375=36.0938
导弹巡洋舰,现代,600000,0.002,0.005,14,54.712,0.7000=0.8750=1.4000=1.9250=2.4500=2.9750=3.5000=2.9750=2.4500=1.9250,875.0000=875.0000=875.0000=962.5000=1225.0000=1487.5000=1750.0000=1487.5000=1225.0000=962.5000,200.0,0.5000=0.5000=0.5000=0.5000=0.5000=0.5000=0.5000=0.5000=0.5000=0.5000,0.0500=0.0500=0.0500=0.0500=0.0500=0.0500=0.0500=0.0500=0.0500=0.0500,0.1250=0.1250=0.1250=0.1250=0.1250=0.1250=0.1250=0.1250=0.1250=0.1250,36,0.432,0.002=0.005=0.013=0.022=0.032=0.04=0.036=0.028=0.018=0.009,0.3200=0.3200=0.3200=0.3200=0.4800=0.6400=0.8000=0.6400=0.4800=0.3200,0=0=0=0=0=0=0=0=0=0,0=0=0=0=0=0=0=0=0=0,0.022=0.041=0.061=0.08=0.098=0.093=0.08=0.061=0.041=0.022,10.698=20.423=30.148=39.873=48.625=46.194=39.873=30.148=20.423=10.698,0=0=0=0=0=0=0=0=0=0,0.3200=0.3200=0.3200=0.3200=0.4800=0.6400=0.8000=0.6400=0.4800=0.3200,63.0000=78.7500=126.0000=173.2500=220.5000=267.7500=315.0000=267.7500=220.5000=173.2500,1,1,0.98,0.98,0.98,0.98,0.98,0.98,0.73,0.98,0.98,0.98,1,0.98,0.73,1,0.98,0.73,0.98,0.73,0.73,0.98,19,65,12600.0,166.1,1,0=0=0=0=0=0=0=0=0=0,0.0000=0.0000=0.0000=0.0000=0.0000=0.0000=0.0000=0.0000=0.0000=0.0000,1.1250=1.3500=1.5750=1.8000=2.0250=2.2500=2.0250=1.8000=1.5750=1.3500,250,0=0=0=0=0=0=0=0=0=0,0,0,2.2,31.5000=31.5000=31.5000=31.5000=31.5000=31.5000=31.5000=31.5000=31.5000=31.5000,0.7500=0.9000=1.0500=1.2000=1.3500=1.5000=1.3500=1.2000=1.0500=0.9000,31.5000=39.3750=63.0000=86.6250=110.2500=133.8750=157.5000=133.8750=110.2500=86.6250,63.0000=78.7500=126.0000=173.2500=220.5000=267.7500=315.0000=267.7500=220.5000=173.2500,43.7500=109.3750=175.0000=240.6250=306.2500=371.8750=437.5000=371.8750=306.2500=240.6250,472.5000=472.5000=630.0000=866.2500=1102.5000=1338.7500=1575.0000=1338.7500=1102.5000=866.2500,21.8750=27.3438=43.7500=60.1563=76.5625=92.9688=109.3750=92.9688=76.5625=60.1563
战列巡洋舰,一战,180000,0.002,0.005,18,38.562,0.2700=0.4320=0.5940=0.7560=0.9180=1.0800=0.9180=0.7560=0.5940=0.4320,337.5000=337.5000=371.2500=472.5000=573.7500=675.0000=573.7500=472.5000=371.2500=337.5000,120.0,0.0720=0.0720=0.0720=0.0720=0.0720=0.0720=0.0720=0.0720=0.0720=0.0720,0.0120=0.0120=0.0120=0.0120=0.0120=0.0120=0.0120=0.0120=0.0120=0.0120,0.0300=0.0300=0.0300=0.0300=0.0300=0.0300=0.0300=0.0300=0.0300=0.0300,405,4.86,0.001=0.002=0.005=0.008=0.012=0.015=0.014=0.01=0.007=0.003,0.2600=0.2600=0.2600=0.3900=0.5200=0.6500=0.5200=0.3900=0.2600=0.2600,0=0=0=0=0=0=0=0=0=0,0=0=0=0=0=0=0=0=0=0,0.008=0.015=0.023=0.03=0.037=0.035=0.03=0.023=0.015=0.008,3.666=7=10.333=13.666=16.666=15.833=13.666=10.333=7=3.666,0=0=0=0=0=0=0=0=0=0,0.2600=0.2600=0.2600=0.3900=0.5200=0.6500=0.5200=0.3900=0.2600=0.2600,48.6000=48.6000=97.2000=145.8000=194.4000=243.0000=194.4000=145.8000=97.2000=48.6000,0.978,0.978,0.918,0.918,0.918,0.918,0.918,0.918,0.668,0.918,0.918,0.918,0.978,0.918,0.668,0.978,0.918,0.668,0.918,0.668,0.668,0.918,25,45,5184.0,125.7,1,0=0=0=0=0=0=0=0=0=0,0.0000=0.0000=0.0000=0.0000=0.0000=0.0000=0.0000=0.0000=0.0000=0.0000,0.1200=0.1440=0.1680=0.1920=0.2160=0.2400=0.2160=0.1920=0.1680=0.1440,80,0=0=0=0=0=0=0=0=0=0,0,0,2.5,14.5800=14.5800=14.5800=14.5800=14.5800=14.5800=14.5800=14.5800=14.5800=14.5800,0.0450=0.0540=0.0630=0.0720=0.0810=0.0900=0.0810=0.0720=0.0630=0.0540,14.5800=14.5800=29.1600=43.7400=58.3200=72.9000=58.3200=43.7400=29.1600=14.5800,48.6000=48.6000=97.2000=145.8000=194.4000=243.0000=194.4000=145.8000=97.2000=48.6000,21.6000=43.2000=86.4000=129.6000=172.8000=216.0000=172.8000=129.6000=86.4000=43.2000,0.0000=0.0000=0.0000=0.0000=0.0000=0.0000=0.0000=0.0000=0.0000=0.0000,17.2800=17.2800=34.5600=51.8400=69.1200=86.4000=69.1200=51.8400=34.5600=17.2800
战列巡洋舰,二战,250000,0.002,0.005,18,41.876,0.4500=0.7200=0.9900=1.2600=1.5300=1.8000=1.5300=1.2600=0.9900=0.7200,562.5000=562.5000=618.7500=787.5000=956.2500=1125.0000=956.2500=787.5000=618.7500=562.5000,200.0,0.1200=0.1200=0.1200=0.1200=0.1200=0.1200=0.1200=0.1200=0.1200=0.1200,0.0200=0.0200=0.0200=0.0200=0.0200=0.0200=0.0200=0.0200=0.0200=0.0200,0.0500=0.0500=0.0500=0.0500=0.0500=0.0500=0.0500=0.0500=0.0500=0.0500,75,0.9,0.001=0.002=0.006=0.011=0.016=0.02=0.018=0.014=0.009=0.004,0.2600=0.2600=0.2600=0.3900=0.5200=0.6500=0.5200=0.3900=0.2600=0.2600,0=0=0=0=0=0=0=0=0=0,0=0=0=0=0=0=0=0=0=0,0.011=0.021=0.03=0.04=0.049=0.047=0.04=0.03=0.021=0.011,5.014=9.573=14.131=18.689=22.792=21.652=18.689=14.131=9.573=5.014,0=0=0=0=0=0=0=0=0=0,0.2600=0.2600=0.2600=0.3900=0.5200=0.6500=0.5200=0.3900=0.2600=0.2600,81.0000=81.0000=162.0000=243.0000=324.0000=405.0000=324.0000=243.0000=162.0000=81.0000,0.99,0.99,0.93,0.93,0.93,0.93,0.93,0.93,0.68,0.93,0.93,0.93,0.99,0.93,0.68,0.99,0.93,0.68,0.93,0.68,0.68,0.93,25,55,8640.0,134.1,1,0=0=0=0=0=0=0=0=0=0,0.0000=0.0000=0.0000=0.0000=0.0000=0.0000=0.0000=0.0000=0.0000=0.0000,0.2000=0.2400=0.2800=0.3200=0.3600=0.4000=0.3600=0.3200=0.2800=0.2400,80,0=0=0=0=0=0=0=0=0=0,0,0,3.5,24.3000=24.3000=24.3000=24.3000=24.3000=24.3000=24.3000=24.3000=24.3000=24.3000,0.0750=0.0900=0.1050=0.1200=0.1350=0.1500=0.1350=0.1200=0.1050=0.0900,24.3000=24.3000=48.6000=72.9000=97.2000=121.5000=97.2000=72.9000=48.6000=24.3000,81.0000=81.0000=162.0000=243.0000=324.0000=405.0000=324.0000=243.0000=162.0000=81.0000,36.0000=72.0000=144.0000=216.0000=288.0000=360.0000=288.0000=216.0000=144.0000=72.0000,0.0000=0.0000=0.0000=0.0000=0.0000=0.0000=0.0000=0.0000=0.0000=0.0000,28.8000=28.8000=57.6000=86.4000=115.2000=144.0000=115.2000=86.4000=57.6000=28.8000
战列舰,一战,250000,0.002,0.005,20,38.876,0.3000=0.4800=0.6600=0.8400=1.0200=1.2000=1.0200=0.8400=0.6600=0.4800,450.0000=450.0000=495.0000=630.0000=765.0000=900.0000=765.0000=630.0000=495.0000=450.0000,180.0,0.0600=0.0600=0.0600=0.0600=0.0600=0.0600=0.0600=0.0600=0.0600=0.0600,0.0120=0.0120=0.0120=0.0120=0.0120=0.0120=0.0120=0.0120=0.0120=0.0120,0.0300=0.0300=0.0300=0.0300=0.0300=0.0300=0.0300=0.0300=0.0300=0.0300,5625,67.5,0.001=0.002=0.005=0.008=0.012=0.015=0.014=0.01=0.007=0.003,0.2400=0.2400=0.2400=0.3600=0.4800=0.6000=0.4800=0.3600=0.2400=0.2400,0=0=0=0=0=0=0=0=0=0,0=0=0=0=0=0=0=0=0=0,0.008=0.015=0.023=0.03=0.037=0.035=0.03=0.023=0.015=0.008,1.41=2.692=3.974=5.256=6.41=6.09=5.256=3.974=2.692=1.41,0=0=0=0=0=0=0=0=0=0,0.2400=0.2400=0.2400=0.3600=0.4800=0.6000=0.4800=0.3600=0.2400=0.2400,64.8000=64.8000=129.6000=194.4000=259.2000=324.0000=259.2000=194.4000=129.6000=64.8000,0.978,0.978,0.918,0.918,0.918,0.918,0.918,0.918,0.668,0.918,0.918,0.918,0.978,0.918,0.668,0.978,0.918,0.668,0.918,0.668,0.668,0.918,28,35,7200.0,127.1,1,0=0=0=0=0=0=0=0=0=0,0.0000=0.0000=0.0000=0.0000=0.0000=0.0000=0.0000=0.0000=0.0000=0.0000,0.1500=0.1800=0.2100=0.2400=0.2700=0.3000=0.2700=0.2400=0.2100=0.1800,100,0=0=0=0=0=0=0=0=0=0,0,0,3.5,10.8000=10.8000=10.8000=10.8000=10.8000=10.8000=10.8000=10.8000=10.8000=10.8000,0.0600=0.0720=0.0840=0.0960=0.1080=0.1200=0.1080=0.0960=0.0840=0.0720,10.8000=10.8000=21.6000=32.4000=43.2000=54.0000=43.2000=32.4000=21.6000=10.8000,64.8000=64.8000=129.6000=194.4000=259.2000=324.0000=259.2000=194.4000=129.6000=64.8000,15.0000=30.0000=60.0000=90.0000=120.0000=150.0000=120.0000=90.0000=60.0000=30.0000,0.0000=0.0000=0.0000=0.0000=0.0000=0.0000=0.0000=0.0000=0.0000=0.0000,7.5000=7.5000=15.0000=22.5000=30.0000=37.5000=30.0000=22.5000=15.0000=7.5000
战列舰,二战,400000,0.002,0.005,20,42.325,0.5000=0.8000=1.1000=1.4000=1.7000=2.0000=1.7000=1.4000=1.1000=0.8000,750.0000=750.0000=825.0000=1050.0000=1275.0000=1500.0000=1275.0000=1050.0000=825.0000=750.0000,300.0,0.1000=0.1000=0.1000=0.1000=0.1000=0.1000=0.1000=0.1000=0.1000=0.1000,0.0200=0.0200=0.0200=0.0200=0.0200=0.0200=0.0200=0.0200=0.0200=0.0200,0.0500=0.0500=0.0500=0.0500=0.0500=0.0500=0.0500=0.0500=0.0500=0.0500,12,0.144,0.001=0.002=0.006=0.011=0.016=0.02=0.018=0.014=0.009=0.004,0.2400=0.2400=0.2400=0.3600=0.4800=0.6000=0.4800=0.3600=0.2400=0.2400,0=0=0=0=0=0=0=0=0=0,0=0=0=0=0=0=0=0=0=0,0.011=0.021=0.03=0.04=0.049=0.047=0.04=0.03=0.021=0.011,1.948=3.718=5.489=7.26=8.853=8.41=7.26=5.489=3.718=1.948,0=0=0=0=0=0=0=0=0=0,0.2400=0.2400=0.2400=0.3600=0.4800=0.6000=0.4800=0.3600=0.2400=0.2400,108.0000=108.0000=216.0000=324.0000=432.0000=540.0000=432.0000=324.0000=216.0000=108.0000,0.99,0.99,0.93,0.93,0.93,0.93,0.93,0.93,0.68,0.93,0.93,0.93,0.99,0.93,0.68,0.99,0.93,0.68,0.93,0.68,0.68,0.93,28,45,12000.0,136.3,1,0=0=0=0=0=0=0=0=0=0,0.0000=0.0000=0.0000=0.0000=0.0000=0.0000=0.0000=0.0000=0.0000=0.0000,0.2500=0.3000=0.3500=0.4000=0.4500=0.5000=0.4500=0.4000=0.3500=0.3000,100,0=0=0=0=0=0=0=0=0=0,0,0,4.5,18.0000=18.0000=18.0000=18.0000=18.0000=18.0000=18.0000=18.0000=18.0000=18.0000,0.1000=0.1200=0.1400=0.1600=0.1800=0.2000=0.1800=0.1600=0.1400=0.1200,18.0000=18.0000=36.0000=54.0000=72.0000=90.0000=72.0000=54.0000=36.0000=18.0000,108.0000=108.0000=216.0000=324.0000=432.0000=540.0000=432.0000=324.0000=216.0000=108.0000,25.0000=50.0000=100.0000=150.0000=200.0000=250.0000=200.0000=150.0000=100.0000=50.0000,0.0000=0.0000=0.0000=0.0000=0.0000=0.0000=0.0000=0.0000=0.0000=0.0000,12.5000=12.5000=25.0000=37.5000=50.0000=62.5000=50.0000=37.5000=25.0000=12.5000
轻型航空母舰,二战,100000,0.002,0.005,15,41,0.3750=0.6000=0.8250=1.0500=1.2750=1.5000=1.2750=1.0500=0.8250=0.6000,187.5000=187.5000=206.2500=262.5000=318.7500=375.0000=318.7500=262.5000=206.2500=187.5000,30.0,0.1200=0.1200=0.1200=0.1200=0.1200=0.1200=0.1200=0.1200=0.1200=0.1200,0.0200=0.0200=0.0200=0.0200=0.0200=0.0200=0.0200=0.0200=0.0200=0.0200,0.0500=0.0500=0.0500=0.0500=0.0500=0.0500=0.0500=0.0500=0.0500=0.0500,3,0.036,0.001=0.002=0.006=0.011=0.016=0.02=0.018=0.014=0.009=0.004,0.2000=0.2000=0.2000=0.3000=0.4000=0.5000=0.4000=0.3000=0.2000=0.2000,0=0=0=0=0=0=0=0=0=0,0=0=0=0=0=0=0=0=0=0,0.011=0.021=0.03=0.04=0.049=0.047=0.04=0.03=0.021=0.011,4.664=8.904=13.144=17.384=21.2=20.14=17.384=13.144=8.904=4.664,0=0=0=0=0=0=0=0=0=0,0.2000=0.2000=0.2000=0.3000=0.4000=0.5000=0.4000=0.3000=0.2000=0.2000,8.1000=8.1000=16.2000=24.3000=32.4000=40.5000=32.4000=24.3000=16.2000=8.1000,0.99,0.99,0.93,0.93,0.93,0.93,0.93,0.93,0.68,0.93,0.93,0.93,0.99,0.93,0.68,0.99,0.93,0.68,0.93,0.68,0.68,0.93,21,65,4500.0,13.0,1,0=0=0=0=0=0=0=0=0=0,0.0000=0.0000=0.0000=0.0000=0.0000=0.0000=0.0000=0.0000=0.0000=0.0000,0.4000=0.4800=0.5600=0.6400=0.7200=0.8000=0.7200=0.6400=0.5600=0.4800,200,0=0=0=0=0=0=0=0=0=0,0,0,1.5,6.7500=6.7500=6.7500=6.7500=6.7500=6.7500=6.7500=6.7500=6.7500=6.7500,0.2000=0.2400=0.2800=0.3200=0.3600=0.4000=0.3600=0.3200=0.2800=0.2400,6.7500=6.7500=13.5000=20.2500=27.0000=33.7500=27.0000=20.2500=13.5000=6.7500,8.1000=8.1000=16.2000=24.3000=32.4000=40.5000=32.4000=24.3000=16.2000=8.1000,0.0000=0.0000=0.0000=0.0000=0.0000=0.0000=0.0000=0.0000=0.0000=0.0000,20.2500=27.0000=37.1250=47.2500=57.3750=67.5000=57.3750=47.2500=37.1250=27.0000,0.0000=0.0000=0.0000=0.0000=0.0000=0.0000=0.0000=0.0000=0.0000=0.0000
轻型航空母舰,冷战,250000,0.002,0.005,15,47.276,0.5625=0.9000=1.2375=1.5750=1.9125=2.2500=1.9125=1.5750=1.2375=0.9000,281.2500=281.2500=309.3750=393.7500=478.1250=562.5000=478.1250=393.7500=309.3750=281.2500,45.0,0.1800=0.1800=0.1800=0.1800=0.1800=0.1800=0.1800=0.1800=0.1800=0.1800,0.0300=0.0300=0.0300=0.0300=0.0300=0.0300=0.0300=0.0300=0.0300=0.0300,0.0750=0.0750=0.0750=0.0750=0.0750=0.0750=0.0750=0.0750=0.0750=0.0750,10875,130.5,0.001=0.003=0.009=0.016=0.023=0.029=0.026=0.02=0.013=0.006,0.2000=0.2000=0.2000=0.3000=0.4000=0.5000=0.4000=0.3000=0.2000=0.2000,0=0=0=0=0=0=0=0=0=0,0=0=0=0=0=0=0=0=0=0,0.016=0.03=0.044=0.058=0.071=0.067=0.058=0.044=0.03=0.016,7.271=13.88=20.49=27.099=33.048=31.396=27.099=20.49=13.88=7.271,0=0=0=0=0=0=0=0=0=0,0.2000=0.2000=0.2000=0.3000=0.4000=0.5000=0.4000=0.3000=0.2000=0.2000,12.1500=12.1500=24.3000=36.4500=48.6000=60.7500=48.6000=36.4500=24.3000=12.1500,1,1,0.952,0.952,0.952,0.952,0.952,0.952,0.702,0.952,0.952,0.952,1,0.952,0.702,1,0.952,0.702,0.952,0.702,0.702,0.952,21,70,6750.0,146.7,1,0=0=0=0=0=0=0=0=0=0,0.0000=0.0000=0.0000=0.0000=0.0000=0.0000=0.0000=0.0000=0.0000=0.0000,0.6000=0.7200=0.8400=0.9600=1.0800=1.2000=1.0800=0.9600=0.8400=0.7200,200,0=0=0=0=0=0=0=0=0=0,0,0,2,10.1250=10.1250=10.1250=10.1250=10.1250=10.1250=10.1250=10.1250=10.1250=10.1250,0.3000=0.3600=0.4200=0.4800=0.5400=0.6000=0.5400=0.4800=0.4200=0.3600,10.1250=10.1250=20.2500=30.3750=40.5000=50.6250=40.5000=30.3750=20.2500=10.1250,12.1500=12.1500=24.3000=36.4500=48.6000=60.7500=48.6000=36.4500=24.3000=12.1500,0.0000=0.0000=0.0000=0.0000=0.0000=0.0000=0.0000=0.0000=0.0000=0.0000,30.3750=40.5000=55.6875=70.8750=86.0625=101.2500=86.0625=70.8750=55.6875=40.5000,0.0000=0.0000=0.0000=0.0000=0.0000=0.0000=0.0000=0.0000=0.0000=0.0000
轻型航空母舰,现代,600000,0.002,0.005,15,54.712,0.9375=1.5000=2.0625=2.6250=3.1875=3.7500=3.1875=2.6250=2.0625=1.5000,468.7500=468.7500=515.6250=656.2500=796.8750=937.5000=796.8750=656.2500=515.6250=468.7500,75.0,0.3000=0.3000=0.3000=0.3000=0.3000=0.3000=0.3000=0.3000=0.3000=0.3000,0.0500=0.0500=0.0500=0.0500=0.0500=0.0500=0.0500=0.0500=0.0500=0.0500,0.1250=0.1250=0.1250=0.1250=0.1250=0.1250=0.1250=0.1250=0.1250=0.1250,36,0.432,0.002=0.005=0.013=0.022=0.032=0.04=0.036=0.028=0.018=0.009,0.2000=0.2000=0.2000=0.3000=0.4000=0.5000=0.4000=0.3000=0.2000=0.2000,0=0=0=0=0=0=0=0=0=0,0=0=0=0=0=0=0=0=0=0,0.022=0.041=0.061=0.08=0.098=0.093=0.08=0.061=0.041=0.022,10.698=20.423=30.148=39.873=48.625=46.194=39.873=30.148=20.423=10.698,0=0=0=0=0=0=0=0=0=0,0.2000=0.2000=0.2000=0.3000=0.4000=0.5000=0.4000=0.3000=0.2000=0.2000,20.2500=20.2500=40.5000=60.7500=81.0000=101.2500=81.0000=60.7500=40.5000=20.2500,1,1,0.98,0.98,0.98,0.98,0.98,0.98,0.73,0.98,0.98,0.98,1,0.98,0.73,1,0.98,0.73,0.98,0.73,0.73,0.98,21,75,11250.0,166.1,1,0=0=0=0=0=0=0=0=0=0,0.0000=0.0000=0.0000=0.0000=0.0000=0.0000=0.0000=0.0000=0.0000=0.0000,1.0000=1.2000=1.4000=1.6000=1.8000=2.0000=1.8000=1.6000=1.4000=1.2000,200,0=0=0=0=0=0=0=0=0=0,0,0,2.4,16.8750=16.8750=16.8750=16.8750=16.8750=16.8750=16.8750=16.8750=16.8750=16.8750,0.5000=0.6000=0.7000=0.8000=0.9000=1.0000=0.9000=0.8000=0.7000=0.6000,16.8750=16.8750=33.7500=50.6250=67.5000=84.3750=67.5000=50.6250=33.7500=16.8750,20.2500=20.2500=40.5000=60.7500=81.0000=101.2500=81.0000=60.7500=40.5000=20.2500,0.0000=0.0000=0.0000=0.0000=0.0000=0.0000=0.0000=0.0000=0.0000=0.0000,50.6250=67.5000=92.8125=118.1250=143.4375=168.7500=143.4375=118.1250=92.8125=67.5000,0.0000=0.0000=0.0000=0.0000=0.0000=0.0000=0.0000=0.0000=0.0000=0.0000
重型航空母舰,二战,300000,0.002,0.005,25,42.05,1.0000=1.3750=1.7500=2.1250=2.5000=2.1250=1.7500=1.3750=1.0000=0.6250,312.5000=343.7500=437.5000=531.2500=625.0000=531.2500=437.5000=343.7500=312.5000=312.5000,20.0,0.1000=0.1000=0.1000=0.1000=0.1000=0.1000=0.1000=0.1000=0.1000=0.1000,0.0200=0.0200=0.0200=0.0200=0.0200=0.0200=0.0200=0.0200=0.0200=0.0200,0.0500=0.0500=0.0500=0.0500=0.0500=0.0500=0.0500=0.0500=0.0500=0.0500,9,0.108,0.001=0.002=0.006=0.011=0.016=0.02=0.018=0.014=0.009=0.004,0.2800=0.2800=0.4200=0.5600=0.7000=0.5600=0.4200=0.2800=0.2800=0.2800,0=0=0=0=0=0=0=0=0=0,0=0=0=0=0=0=0=0=0=0,0.011=0.021=0.03=0.04=0.049=0.047=0.04=0.03=0.021=0.011,5.084=9.706=14.327=18.949=23.109=21.953=18.949=14.327=9.706=5.084,0=0=0=0=0=0=0=0=0=0,0.2800=0.2800=0.4200=0.5600=0.7000=0.5600=0.4200=0.2800=0.2800=0.2800,22.5000=28.1250=56.2500=84.3750=112.5000=84.3750=56.2500=28.1250=22.5000=22.5000,0.99,0.99,0.93,0.93,0.93,0.93,0.93,0.93,0.68,0.93,0.93,0.93,0.99,0.93,0.68,0.99,0.93,0.68,0.93,0.68,0.68,0.93,35,60,3000.0,135.0,0,0=0=0=0=0=0=0=0=0=0,0.0000=0.0000=0.0000=0.0000=0.0000=0.0000=0.0000=0.0000=0.0000=0.0000,0.0000=0.0000=0.0000=0.0000=0.0000=0.0000=0.0000=0.0000=0.0000=0.0000,0,0=0=0=0=0=0=0=0=0=0,0,0,3.5,22.5000=22.5000=22.5000=22.5000=22.5000=22.5000=22.5000=22.5000=22.5000=22.5000,0.0000=0.0000=0.0000=0.0000=0.0000=0.0000=0.0000=0.0000=0.0000=0.0000,22.5000=28.1250=56.2500=84.3750=112.5000=84.3750=56.2500=28.1250=22.5000=22.5000,22.5000=28.1250=56.2500=84.3750=112.5000=84.3750=56.2500=28.1250=22.5000=22.5000,62.5000=156.2500=312.5000=468.7500=625.0000=468.7500=312.5000=156.2500=62.5000=62.5000,0.0000=0.0000=0.0000=0.0000=0.0000=0.0000=0.0000=0.0000=0.0000=0.0000,62.5000=78.1250=156.2500=234.3750=312.5000=234.3750=156.2500=78.1250=62.5000=62.5000
重型航空母舰,冷战,1200000,0.002,0.005,25,48.774,1.5000=2.0625=2.6250=3.1875=3.7500=3.1875=2.6250=2.0625=1.5000=0.9375,468.7500=515.6250=656.2500=796.8750=937.5000=796.8750=656.2500=515.6250=468.7500=468.7500,30.0,0.1500=0.1500=0.1500=0.1500=0.1500=0.1500=0.1500=0.1500=0.1500=0.1500,0.0300=0.0300=0.0300=0.0300=0.0300=0.0300=0.0300=0.0300=0.0300=0.0300,0.0750=0.0750=0.0750=0.0750=0.0750=0.0750=0.0750=0.0750=0.0750=0.0750,45,0.54,0.001=0.003=0.009=0.016=0.023=0.029=0.026=0.02=0.013=0.006,0.2800=0.2800=0.4200=0.5600=0.7000=0.5600=0.4200=0.2800=0.2800=0.2800,0=0=0=0=0=0=0=0=0=0,0=0=0=0=0=0=0=0=0=0,0.016=0.03=0.044=0.058=0.071=0.067=0.058=0.044=0.03=0.016,8.14=15.54=22.94=30.339=36.999=35.149=30.339=22.94=15.54=8.14,0=0=0=0=0=0=0=0=0=0,0.2800=0.2800=0.4200=0.5600=0.7000=0.5600=0.4200=0.2800=0.2800=0.2800,33.7500=42.1875=84.3750=126.5625=168.7500=126.5625=84.3750=42.1875=33.7500=33.7500,1,1,0.952,0.952,0.952,0.952,0.952,0.952,0.702,0.952,0.952,0.952,1,0.952,0.702,1,0.952,0.702,0.952,0.702,0.702,0.952,35,65,4500.0,153.8,0,0=0=0=0=0=0=0=0=0=0,0.0000=0.0000=0.0000=0.0000=0.0000=0.0000=0.0000=0.0000=0.0000=0.0000,0.0000=0.0000=0.0000=0.0000=0.0000=0.0000=0.0000=0.0000=0.0000=0.0000,0,0=0=0=0=0=0=0=0=0=0,600,0.9,7,33.7500=33.7500=33.7500=33.7500=33.7500=33.7500=33.7500=33.7500=33.7500=33.7500,0.0000=0.0000=0.0000=0.0000=0.0000=0.0000=0.0000=0.0000=0.0000=0.0000,33.7500=42.1875=84.3750=126.5625=168.7500=126.5625=84.3750=42.1875=33.7500=33.7500,33.7500=42.1875=84.3750=126.5625=168.7500=126.5625=84.3750=42.1875=33.7500=33.7500,93.7500=234.3750=468.7500=703.1250=937.5000=703.1250=468.7500=234.3750=93.7500=93.7500,0.0000=0.0000=0.0000=0.0000=0.0000=0.0000=0.0000=0.0000=0.0000=0.0000,93.7500=117.1875=234.3750=351.5625=468.7500=351.5625=234.3750=117.1875=93.7500=93.7500
重型航空母舰,现代,2500000,0.002,0.005,25,56.075,2.5000=3.4375=4.3750=5.3125=6.2500=5.3125=4.3750=3.4375=2.5000=1.5625,781.2500=859.3750=1093.7500=1328.1250=1562.5000=1328.1250=1093.7500=859.3750=781.2500=781.2500,50.0,0.2500=0.2500=0.2500=0.2500=0.2500=0.2500=0.2500=0.2500=0.2500=0.2500,0.0500=0.0500=0.0500=0.0500=0.0500=0.0500=0.0500=0.0500=0.0500=0.0500,0.1250=0.1250=0.1250=0.1250=0.1250=0.1250=0.1250=0.1250=0.1250=0.1250,45,0.54,0.002=0.005=0.013=0.022=0.032=0.04=0.036=0.028=0.018=0.009,0.2800=0.2800=0.4200=0.5600=0.7000=0.5600=0.4200=0.2800=0.2800=0.2800,0=0=0=0=0=0=0=0=0=0,0=0=0=0=0=0=0=0=0=0,0.022=0.041=0.061=0.08=0.098=0.093=0.08=0.061=0.041=0.022,11.788=22.505=33.222=43.938=53.584=50.904=43.938=33.222=22.505=11.788,0=0=0=0=0=0=0=0=0=0,0.2800=0.2800=0.4200=0.5600=0.7000=0.5600=0.4200=0.2800=0.2800=0.2800,56.2500=70.3125=140.6250=210.9375=281.2500=210.9375=140.6250=70.3125=56.2500=56.2500,1,1,0.98,0.98,0.98,0.98,0.98,0.98,0.73,0.98,0.98,0.98,1,0.98,0.73,1,0.98,0.73,0.98,0.73,0.73,0.98,35,70,7500.0,172.5,0,0=0=0=0=0=0=0=0=0=0,0.0000=0.0000=0.0000=0.0000=0.0000=0.0000=0.0000=0.0000=0.0000=0.0000,0.0000=0.0000=0.0000=0.0000=0.0000=0.0000=0.0000=0.0000=0.0000=0.0000,0,0=0=0=0=0=0=0=0=0=0,900,1.0,10,56.2500=56.2500=56.2500=56.2500=56.2500=56.2500=56.2500=56.2500=56.2500=56.2500,0.0000=0.0000=0.0000=0.0000=0.0000=0.0000=0.0000=0.0000=0.0000=0.0000,56.2500=70.3125=140.6250=210.9375=281.2500=210.9375=140.6250=70.3125=56.2500=56.2500,56.2500=70.3125=140.6250=210.9375=281.2500=210.9375=140.6250=70.3125=56.2500=56.2500,156.2500=390.6250=781.2500=1171.8750=1562.5000=1171.8750=781.2500=390.6250=156.2500=156.2500,0.0000=0.0000=0.0000=0.0000=0.0000=0.0000=0.0000=0.0000=0.0000=0.0000,156.2500=195.3125=390.6250=585.9375=781.2500=585.9375=390.6250=195.3125=156.2500=156.2500
常规潜艇,一战,10000,0.002,0.005,,35.801,0.0660=0.0840=0.1020=0.1200=0.1020=0.0840=0.0660=0.0480=0.0300=0.0240,4.9500=6.3000=7.6500=9.0000=7.6500=6.3000=4.9500=4.5000=4.5000=4.5000,0.0,0.0480=0.0480=0.0480=0.0480=0.0480=0.0480=0.0480=0.0480=0.0480=0.0480,0.0120=0.0120=0.0120=0.0120=0.0120=0.0120=0.0120=0.0120=0.0120=0.0120,0.0300=0.0300=0.0300=0.0300=0.0300=0.0300=0.0300=0.0300=0.0300=0.0300,225,2.7,0.001=0.002=0.005=0.008=0.012=0.015=0.014=0.01=0.007=0.003,0.3400=0.5100=0.6800=0.8500=0.6800=0.5100=0.3400=0.3400=0.3400=0.3400,0=0=0=0=0=0=0=0=0=0,0=0=0=0=0=0=0=0=0=0,0.008=0.015=0.023=0.03=0.037=0.035=0.03=0.023=0.015=0.008,1.064=2.032=3=3.967=4.838=4.596=3.967=3=2.032=1.064,0=0=0=0=0=0=0=0=0=0,0.3400=0.5100=0.6800=0.8500=0.6800=0.5100=0.3400=0.3400=0.3400=0.3400,2.1600=3.2400=7.0200=10.8000=7.0200=3.2400=2.1600=2.1600=2.1600=2.1600,0.978,0.978,0.918,0.918,0.918,0.918,0.918,0.918,0.668,0.918,0.918,0.918,0.978,0.918,0.668,0.978,0.918,0.668,0.918,0.668,0.668,0.918,1,,72.0,112.6,0,0=0=0=0=0=0=0=0=0=0,0.4800=0.4800=0.4800=0.4800=0.4800=0.4800=0.4800=0.4800=0.4800=0.4800,0.0000=0.0000=0.0000=0.0000=0.0000=0.0000=0.0000=0.0000=0.0000=0.0000,0,0=0=0=0=0=0=0=0=0=0,,,,1.0800=1.0800=1.0800=1.0800=1.0800=1.0800=1.0800=1.0800=1.0800=1.0800,0.0000=0.0000=0.0000=0.0000=0.0000=0.0000=0.0000=0.0000=0.0000=0.0000,1.0800=1.6200=3.5100=5.4000=3.5100=1.6200=1.0800=1.0800=1.0800=1.0800,2.1600=3.2400=7.0200=10.8000=7.0200=3.2400=2.1600=2.1600=2.1600=2.1600,12.0000=36.0000=78.0000=120.0000=78.0000=36.0000=12.0000=12.0000=12.0000=12.0000,0.0000=0.0000=0.0000=0.0000=0.0000=0.0000=0.0000=0.0000=0.0000=0.0000,48.0000=72.0000=156.0000=240.0000=156.0000=72.0000=48.0000=48.0000=48.0000=48.0000
常规潜艇,二战,15000,0.002,0.005,6,39.188,0.3300=0.4200=0.5100=0.6000=0.5100=0.4200=0.3300=0.2400=0.1500=0.1200,24.7500=31.5000=38.2500=45.0000=38.2500=31.5000=24.7500=22.5000=22.5000=22.5000,0.0,0.0800=0.0800=0.0800=0.0800=0.0800=0.0800=0.0800=0.0800=0.0800=0.0800,0.0200=0.0200=0.0200=0.0200=0.0200=0.0200=0.0200=0.0200=0.0200=0.0200,0.0500=0.0500=0.0500=0.0500=0.0500=0.0500=0.0500=0.0500=0.0500=0.0500,45,0.54,0.001=0.002=0.006=0.011=0.016=0.02=0.018=0.014=0.009=0.004,0.3400=0.5100=0.6800=0.8500=0.6800=0.5100=0.3400=0.3400=0.3400=0.3400,0=0=0=0=0=0=0=0=0=0,0=0=0=0=0=0=0=0=0=0,0.011=0.021=0.03=0.04=0.049=0.047=0.04=0.03=0.021=0.011,1.477=2.82=4.163=5.506=6.715=6.379=5.506=4.163=2.82=1.477,0=0=0=0=0=0=0=0=0=0,0.3400=0.5100=0.6800=0.8500=0.6800=0.5100=0.3400=0.3400=0.3400=0.3400,10.8000=16.2000=35.1000=54.0000=35.1000=16.2000=10.8000=10.8000=10.8000=10.8000,0.99,0.99,0.93,0.93,0.93,0.93,0.93,0.93,0.68,0.93,0.93,0.93,0.99,0.93,0.68,0.99,0.93,0.68,0.93,0.68,0.68,0.93,8,20,360.0,121.4,0,0=0=0=0=0=0=0=0=0=0,0.8000=0.8000=0.8000=0.8000=0.8000=0.8000=0.8000=0.8000=0.8000=0.8000,0.0000=0.0000=0.0000=0.0000=0.0000=0.0000=0.0000=0.0000=0.0000=0.0000,0,0=0=0=0=0=0=0=0=0=0,0,0,0.1,5.4000=5.4000=5.4000=5.4000=5.4000=5.4000=5.4000=5.4000=5.4000=5.4000,0.0000=0.0000=0.0000=0.0000=0.0000=0.0000=0.0000=0.0000=0.0000=0.0000,5.4000=8.1000=17.5500=27.0000=17.5500=8.1000=5.4000=5.4000=5.4000=5.4000,10.8000=16.2000=35.1000=54.0000=35.1000=16.2000=10.8000=10.8000=10.8000=10.8000,60.0000=180.0000=390.0000=600.0000=390.0000=180.0000=60.0000=60.0000=60.0000=60.0000,0.0000=0.0000=0.0000=0.0000=0.0000=0.0000=0.0000=0.0000=0.0000=0.0000,240.0000=360.0000=780.0000=1200.0000=780.0000=360.0000=240.0000=240.0000=240.0000=240.0000
常规潜艇,冷战,40000,0.002,0.005,6,45.525,0.4950=0.6300=0.7650=0.9000=0.7650=0.6300=0.4950=0.3600=0.2250=0.1800,37.1250=47.2500=57.3750=67.5000=57.3750=47.2500=37.1250=33.7500=33.7500=33.7500,0.0,0.1200=0.1200=0.1200=0.1200=0.1200=0.1200=0.1200=0.1200=0.1200=0.1200,0.0300=0.0300=0.0300=0.0300=0.0300=0.0300=0.0300=0.0300=0.0300=0.0300,0.0750=0.0750=0.0750=0.0750=0.0750=0.0750=0.0750=0.0750=0.0750=0.0750,174,2.088,0.001=0.003=0.009=0.016=0.023=0.029=0.026=0.02=0.013=0.006,0.3400=0.5100=0.6800=0.8500=0.6800=0.5100=0.3400=0.3400=0.3400=0.3400,0=0=0=0=0=0=0=0=0=0,0=0=0=0=0=0=0=0=0=0,0.016=0.03=0.044=0.058=0.071=0.067=0.058=0.044=0.03=0.016,2.346=4.478=6.611=8.743=10.662=10.129=8.743=6.611=4.478=2.346,0=0=0=0=0=0=0=0=0=0,0.3400=0.5100=0.6800=0.8500=0.6800=0.5100=0.3400=0.3400=0.3400=0.3400,16.2000=24.3000=52.6500=81.0000=52.6500=24.3000=16.2000=16.2000=16.2000=16.2000,1,1,0.952,0.952,0.952,0.952,0.952,0.952,0.702,0.952,0.952,0.952,1,0.952,0.702,1,0.952,0.702,0.952,0.702,0.702,0.952,8,25,540.0,138.5,0,0=0=0=0=0=0=0=0=0=0,1.2000=1.2000=1.2000=1.2000=1.2000=1.2000=1.2000=1.2000=1.2000=1.2000,0.0000=0.0000=0.0000=0.0000=0.0000=0.0000=0.0000=0.0000=0.0000=0.0000,0,0=0=0=0=0=0=0=0=0=0,0,0,0.18,8.1000=8.1000=8.1000=8.1000=8.1000=8.1000=8.1000=8.1000=8.1000=8.1000,0.0000=0.0000=0.0000=0.0000=0.0000=0.0000=0.0000=0.0000=0.0000=0.0000,8.1000=12.1500=26.3250=40.5000=26.3250=12.1500=8.1000=8.1000=8.1000=8.1000,16.2000=24.3000=52.6500=81.0000=52.6500=24.3000=16.2000=16.2000=16.2000=16.2000,90.0000=270.0000=585.0000=900.0000=585.0000=270.0000=90.0000=90.0000=90.0000=90.0000,0.0000=0.0000=0.0000=0.0000=0.0000=0.0000=0.0000=0.0000=0.0000=0.0000,360.0000=540.0000=1170.0000=1800.0000=1170.0000=540.0000=360.0000=360.0000=360.0000=360.0000
常规潜艇,现代,120000,0.002,0.005,6,53.174,0.8250=1.0500=1.2750=1.5000=1.2750=1.0500=0.8250=0.6000=0.3750=0.3000,61.8750=78.7500=95.6250=112.5000=95.6250=78.7500=61.8750=56.2500=56.2500=56.2500,0.0,0.2000=0.2000=0.2000=0.2000=0.2000=0.2000=0.2000=0.2000=0.2000=0.2000,0.0500=0.0500=0.0500=0.0500=0.0500=0.0500=0.0500=0.0500=0.0500=0.0500,0.1250=0.1250=0.1250=0.1250=0.1250=0.1250=0.1250=0.1250=0.1250=0.1250,72,0.864,0.002=0.005=0.013=0.022=0.032=0.04=0.036=0.028=0.018=0.009,0.3400=0.5100=0.6800=0.8500=0.6800=0.5100=0.3400=0.3400=0.3400=0.3400,0=0=0=0=0=0=0=0=0=0,0=0=0=0=0=0=0=0=0=0,0.022=0.041=0.061=0.08=0.098=0.093=0.08=0.061=0.041=0.022,3.55=6.778=10.005=13.233=16.138=15.331=13.233=10.005=6.778=3.55,0=0=0=0=0=0=0=0=0=0,0.3400=0.5100=0.6800=0.8500=0.6800=0.5100=0.3400=0.3400=0.3400=0.3400,27.0000=40.5000=87.7500=135.0000=87.7500=40.5000=27.0000=27.0000=27.0000=27.0000,1,1,0.98,0.98,0.98,0.98,0.98,0.98,0.73,0.98,0.98,0.98,1,0.98,0.73,1,0.98,0.73,0.98,0.73,0.73,0.98,8,30,900.0,158.8,0,0=0=0=0=0=0=0=0=0=0,2.0000=2.0000=2.0000=2.0000=2.0000=2.0000=2.0000=2.0000=2.0000=2.0000,0.0000=0.0000=0.0000=0.0000=0.0000=0.0000=0.0000=0.0000=0.0000=0.0000,0,0=0=0=0=0=0=0=0=0=0,0,0,0.25,13.5000=13.5000=13.5000=13.5000=13.5000=13.5000=13.5000=13.5000=13.5000=13.5000,0.0000=0.0000=0.0000=0.0000=0.0000=0.0000=0.0000=0.0000=0.0000=0.0000,13.5000=20.2500=43.8750=67.5000=43.8750=20.2500=13.5000=13.5000=13.5000=13.5000,27.0000=40.5000=87.7500=135.0000=87.7500=40.5000=27.0000=27.0000=27.0000=27.0000,150.0000=450.0000=975.0000=1500.0000=975.0000=450.0000=150.0000=150.0000=150.0000=150.0000,0.0000=0.0000=0.0000=0.0000=0.0000=0.0000=0.0000=0.0000=0.0000=0.0000,600.0000=900.0000=1950.0000=3000.0000=1950.0000=900.0000=600.0000=600.0000=600.0000=600.0000
攻击核潜艇,冷战,180000,0.002,0.005,12,46.962,0.7200=0.9900=1.2600=1.5300=1.8000=1.5300=1.2600=0.9900=0.7200=0.4500,112.5000=123.7500=157.5000=191.2500=225.0000=191.2500=157.5000=123.7500=112.5000=112.5000,0.0,0.2250=0.2250=0.2250=0.2250=0.2250=0.2250=0.2250=0.2250=0.2250=0.2250,0.0300=0.0300=0.0300=0.0300=0.0300=0.0300=0.0300=0.0300=0.0300=0.0300,0.0750=0.0750=0.0750=0.0750=0.0750=0.0750=0.0750=0.0750=0.0750=0.0750,783,9.396,0.001=0.003=0.009=0.016=0.023=0.029=0.026=0.02=0.013=0.006,0.3400=0.3400=0.5100=0.6800=0.8500=0.6800=0.5100=0.3400=0.3400=0.3400,0=0=0=0=0=0=0=0=0=0,0=0=0=0=0=0=0=0=0=0,0.016=0.03=0.044=0.058=0.071=0.067=0.058=0.044=0.03=0.016,2.658=5.075=7.491=9.908=12.083=11.479=9.908=7.491=5.075=2.658,0=0=0=0=0=0=0=0=0=0,0.3400=0.3400=0.5100=0.6800=0.8500=0.6800=0.5100=0.3400=0.3400=0.3400,32.4000=40.5000=81.0000=121.5000=162.0000=121.5000=81.0000=40.5000=32.4000=32.4000,1,1,0.952,0.952,0.952,0.952,0.952,0.952,0.702,0.952,0.952,0.952,1,0.952,0.702,1,0.952,0.702,0.952,0.702,0.702,0.952,16,50,2160.0,145.3,0,0=0=0=0=0=0=0=0=0=0,1.3500=1.3500=1.3500=1.3500=1.3500=1.3500=1.3500=1.3500=1.3500=1.3500,0.0000=0.0000=0.0000=0.0000=0.0000=0.0000=0.0000=0.0000=0.0000=0.0000,0,0=0=0=0=0=0=0=0=0=0,250,0.5,0.5,16.2000=16.2000=16.2000=16.2000=16.2000=16.2000=16.2000=16.2000=16.2000=16.2000,0.0000=0.0000=0.0000=0.0000=0.0000=0.0000=0.0000=0.0000=0.0000=0.0000,16.2000=20.2500=40.5000=60.7500=81.0000=60.7500=40.5000=20.2500=16.2000=16.2000,32.4000=40.5000=81.0000=121.5000=162.0000=121.5000=81.0000=40.5000=32.4000=32.4000,180.0000=450.0000=900.0000=1350.0000=1800.0000=1350.0000=900.0000=450.0000=180.0000=180.0000,162.0000=222.7500=283.5000=344.2500=405.0000=344.2500=283.5000=222.7500=162.0000=121.5000,720.0000=900.0000=1800.0000=2700.0000=3600.0000=2700.0000=1800.0000=900.0000=720.0000=720.0000
攻击核潜艇,现代,450000,0.002,0.005,12,54.437,1.2000=1.6500=2.1000=2.5500=3.0000=2.5500=2.1000=1.6500=1.2000=0.7500,187.5000=206.2500=262.5000=318.7500=375.0000=318.7500=262.5000=206.2500=187.5000=187.5000,0.0,0.3750=0.3750=0.3750=0.3750=0.3750=0.3750=0.3750=0.3750=0.3750=0.3750,0.0500=0.0500=0.0500=0.0500=0.0500=0.0500=0.0500=0.0500=0.0500=0.0500,0.1250=0.1250=0.1250=0.1250=0.1250=0.1250=0.1250=0.1250=0.1250=0.1250,27,0.324,0.002=0.005=0.013=0.022=0.032=0.04=0.036=0.028=0.018=0.009,0.3400=0.3400=0.5100=0.6800=0.8500=0.6800=0.5100=0.3400=0.3400=0.3400,0=0=0=0=0=0=0=0=0=0,0=0=0=0=0=0=0=0=0=0,0.022=0.041=0.061=0.08=0.098=0.093=0.08=0.061=0.041=0.022,3.929=7.501=11.073=14.645=17.86=16.967=14.645=11.073=7.501=3.929,0=0=0=0=0=0=0=0=0=0,0.3400=0.3400=0.5100=0.6800=0.8500=0.6800=0.5100=0.3400=0.3400=0.3400,54.0000=67.5000=135.0000=202.5000=270.0000=202.5000=135.0000=67.5000=54.0000=54.0000,1,1,0.98,0.98,0.98,0.98,0.98,0.98,0.73,0.98,0.98,0.98,1,0.98,0.73,1,0.98,0.73,0.98,0.73,0.73,0.98,16,60,3600.0,164.8,0,0=0=0=0=0=0=0=0=0=0,2.2500=2.2500=2.2500=2.2500=2.2500=2.2500=2.2500=2.2500=2.2500=2.2500,0.0000=0.0000=0.0000=0.0000=0.0000=0.0000=0.0000=0.0000=0.0000=0.0000,0,0=0=0=0=0=0=0=0=0=0,400,0.8,0.7,27.0000=27.0000=27.0000=27.0000=27.0000=27.0000=27.0000=27.0000=27.0000=27.0000,0.0000=0.0000=0.0000=0.0000=0.0000=0.0000=0.0000=0.0000=0.0000=0.0000,27.0000=33.7500=67.5000=101.2500=135.0000=101.2500=67.5000=33.7500=27.0000=27.0000,54.0000=67.5000=135.0000=202.5000=270.0000=202.5000=135.0000=67.5000=54.0000=54.0000,300.0000=750.0000=1500.0000=2250.0000=3000.0000=2250.0000=1500.0000=750.0000=300.0000=300.0000,270.0000=371.2500=472.5000=573.7500=675.0000=573.7500=472.5000=371.2500=270.0000=202.5000,1200.0000=1500.0000=3000.0000=4500.0000=6000.0000=4500.0000=3000.0000=1500.0000=1200.0000=1200.0000
战略核潜艇,冷战,350000,0.002,0.005,8,47.597,0.3000=0.4800=0.6600=0.8400=1.0200=1.2000=1.0200=0.8400=0.6600=0.4800,75.0000=75.0000=82.5000=105.0000=127.5000=150.0000=127.5000=105.0000=82.5000=75.0000,0.0,0.3000=0.3000=0.3000=0.3000=0.3000=0.3000=0.3000=0.3000=0.3000=0.3000,0.0300=0.0300=0.0300=0.0300=0.0300=0.0300=0.0300=0.0300=0.0300=0.0300,0.0750=0.0750=0.0750=0.0750=0.0750=0.0750=0.0750=0.0750=0.0750=0.0750,15225,182.7,0.001=0.003=0.009=0.016=0.023=0.029=0.026=0.02=0.013=0.006,0.2800=0.2800=0.2800=0.4200=0.5600=0.7000=0.5600=0.4200=0.2800=0.2800,0=0=0=0=0=0=0=0=0=0,0=0=0=0=0=0=0=0=0=0,0.016=0.03=0.044=0.058=0.071=0.067=0.058=0.044=0.03=0.016,2.796=5.339=7.881=10.423=12.711=12.075=10.423=7.881=5.339=2.796,0=0=0=0=0=0=0=0=0=0,0.2800=0.2800=0.2800=0.4200=0.5600=0.7000=0.5600=0.4200=0.2800=0.2800,21.6000=21.6000=43.2000=64.8000=86.4000=108.0000=86.4000=64.8000=43.2000=21.6000,1,1,0.952,0.952,0.952,0.952,0.952,0.952,0.702,0.952,0.952,0.952,1,0.952,0.702,1,0.952,0.702,0.952,0.702,0.702,0.952,11,40,2160.0,148.3,0,0=0=0=0=0=0=0=0=0=0,1.4250=1.4250=1.4250=1.4250=1.4250=1.4250=1.4250=1.4250=1.4250=1.4250,0.0000=0.0000=0.0000=0.0000=0.0000=0.0000=0.0000=0.0000=0.0000=0.0000,0,0=0=0=0=0=0=0=0=0=0,300,0.6,0.8,10.8000=10.8000=10.8000=10.8000=10.8000=10.8000=10.8000=10.8000=10.8000=10.8000,0.0000=0.0000=0.0000=0.0000=0.0000=0.0000=0.0000=0.0000=0.0000=0.0000,10.8000=10.8000=21.6000=32.4000=43.2000=54.0000=43.2000=32.4000=21.6000=10.8000,21.6000=21.6000=43.2000=64.8000=86.4000=108.0000=86.4000=64.8000=43.2000=21.6000,60.0000=120.0000=240.0000=360.0000=480.0000=600.0000=480.0000=360.0000=240.0000=120.0000,270.0000=360.0000=495.0000=630.0000=765.0000=900.0000=765.0000=630.0000=495.0000=360.0000,120.0000=120.0000=240.0000=360.0000=480.0000=600.0000=480.0000=360.0000=240.0000=120.0000
战略核潜艇,现代,850000,0.002,0.005,8,55.045,0.5000=0.8000=1.1000=1.4000=1.7000=2.0000=1.7000=1.4000=1.1000=0.8000,125.0000=125.0000=137.5000=175.0000=212.5000=250.0000=212.5000=175.0000=137.5000=125.0000,0.0,0.5000=0.5000=0.5000=0.5000=0.5000=0.5000=0.5000=0.5000=0.5000=0.5000,0.0500=0.0500=0.0500=0.0500=0.0500=0.0500=0.0500=0.0500=0.0500=0.0500,0.1250=0.1250=0.1250=0.1250=0.1250=0.1250=0.1250=0.1250=0.1250=0.1250,45,0.54,0.002=0.005=0.013=0.022=0.032=0.04=0.036=0.028=0.018=0.009,0.2800=0.2800=0.2800=0.4200=0.5600=0.7000=0.5600=0.4200=0.2800=0.2800,0=0=0=0=0=0=0=0=0=0,0=0=0=0=0=0=0=0=0=0,0.022=0.041=0.061=0.08=0.098=0.093=0.08=0.061=0.041=0.022,4.111=7.849=11.587=15.324=18.688=17.754=15.324=11.587=7.849=4.111,0=0=0=0=0=0=0=0=0=0,0.2800=0.2800=0.2800=0.4200=0.5600=0.7000=0.5600=0.4200=0.2800=0.2800,36.0000=36.0000=72.0000=108.0000=144.0000=180.0000=144.0000=108.0000=72.0000=36.0000,1,1,0.98,0.98,0.98,0.98,0.98,0.98,0.73,0.98,0.98,0.98,1,0.98,0.73,1,0.98,0.73,0.98,0.73,0.73,0.98,11,50,3600.0,167.7,0,0=0=0=0=0=0=0=0=0=0,2.3750=2.3750=2.3750=2.3750=2.3750=2.3750=2.3750=2.3750=2.3750=2.3750,0.0000=0.0000=0.0000=0.0000=0.0000=0.0000=0.0000=0.0000=0.0000=0.0000,0,0=0=0=0=0=0=0=0=0=0,500,0.9,1.2,18.0000=18.0000=18.0000=18.0000=18.0000=18.0000=18.0000=18.0000=18.0000=18.0000,0.0000=0.0000=0.0000=0.0000=0.0000=0.0000=0.0000=0.0000=0.0000=0.0000,18.0000=18.0000=36.0000=54.0000=72.0000=90.0000=72.0000=54.0000=36.0000=18.0000,36.0000=36.0000=72.0000=108.0000=144.0000=180.0000=144.0000=108.0000=72.0000=36.0000,100.0000=200.0000=400.0000=600.0000=800.0000=1000.0000=800.0000=600.0000=400.0000=200.0000,450.0000=600.0000=825.0000=1050.0000=1275.0000=1500.0000=1275.0000=1050.0000=825.0000=600.0000,200.0000=200.0000=400.0000=600.0000=800.0000=1000.0000=800.0000=600.0000=400.0000=200.0000
补给舰,二战,12000,0.002,0.005,6,38.975,0.3300=0.4200=0.5100=0.6000=0.5100=0.4200=0.3300=0.2400=0.1500=0.1200,24.7500=31.5000=38.2500=45.0000=38.2500=31.5000=24.7500=22.5000=22.5000=22.5000,0.0,0.1000=0.1000=0.1000=0.1000=0.1000=0.1000=0.1000=0.1000=0.1000=0.1000,0.0200=0.0200=0.0200=0.0200=0.0200=0.0200=0.0200=0.0200=0.0200=0.0200,0.0500=0.0500=0.0500=0.0500=0.0500=0.0500=0.0500=0.0500=0.0500=0.0500,36,0.432,0.001=0.002=0.006=0.011=0.016=0.02=0.018=0.014=0.009=0.004,0.2800=0.4200=0.5600=0.7000=0.5600=0.4200=0.2800=0.2800=0.2800=0.2800,0=0=0=0=0=0=0=0=0=0,0=0=0=0=0=0=0=0=0=0,0.011=0.021=0.03=0.04=0.049=0.047=0.04=0.03=0.021=0.011,1.445=2.759=4.073=5.387=6.569=6.241=5.387=4.073=2.759=1.445,0=0=0=0=0=0=0=0=0=0,0.2800=0.4200=0.5600=0.7000=0.5600=0.4200=0.2800=0.2800=0.2800=0.2800,10.8000=21.6000=37.8000=54.0000=37.8000=21.6000=10.8000=10.8000=10.8000=10.8000,0.99,0.99,0.93,0.93,0.93,0.93,0.93,0.93,0.68,0.93,0.93,0.93,0.99,0.93,0.68,0.99,0.93,0.68,0.93,0.68,0.68,0.93,8,25,360.0,120.4,0,0=0=0=0=0=0=0=0=0=0,0.0000=0.0000=0.0000=0.0000=0.0000=0.0000=0.0000=0.0000=0.0000=0.0000,0.0000=0.0000=0.0000=0.0000=0.0000=0.0000=0.0000=0.0000=0.0000=0.0000,0,0=0=0=0=0=0=0=0=0=0,0,0,0.8,5.4000=5.4000=5.4000=5.4000=5.4000=5.4000=5.4000=5.4000=5.4000=5.4000,0.0000=0.0000=0.0000=0.0000=0.0000=0.0000=0.0000=0.0000=0.0000=0.0000,5.4000=10.8000=18.9000=27.0000=18.9000=10.8000=5.4000=5.4000=5.4000=5.4000,10.8000=21.6000=37.8000=54.0000=37.8000=21.6000=10.8000=10.8000=10.8000=10.8000,15.0000=60.0000=105.0000=150.0000=105.0000=60.0000=15.0000=15.0000=15.0000=15.0000,0.0000=0.0000=0.0000=0.0000=0.0000=0.0000=0.0000=0.0000=0.0000=0.0000,15.0000=30.0000=52.5000=75.0000=52.5000=30.0000=15.0000=15.0000=15.0000=15.0000
补给舰,冷战,45000,0.002,0.005,6,45.637,0.4950=0.6300=0.7650=0.9000=0.7650=0.6300=0.4950=0.3600=0.2250=0.1800,37.1250=47.2500=57.3750=67.5000=57.3750=47.2500=37.1250=33.7500=33.7500=33.7500,0.0,0.1500=0.1500=0.1500=0.1500=0.1500=0.1500=0.1500=0.1500=0.1500=0.1500,0.0300=0.0300=0.0300=0.0300=0.0300=0.0300=0.0300=0.0300=0.0300=0.0300,0.0750=0.0750=0.0750=0.0750=0.0750=0.0750=0.0750=0.0750=0.0750=0.0750,1957.5,23.49,0.001=0.003=0.009=0.016=0.023=0.029=0.026=0.02=0.013=0.006,0.2800=0.4200=0.5600=0.7000=0.5600=0.4200=0.2800=0.2800=0.2800=0.2800,0=0=0=0=0=0=0=0=0=0,0=0=0=0=0=0=0=0=0=0,0.016=0.03=0.044=0.058=0.071=0.067=0.058=0.044=0.03=0.016,2.37=4.525=6.68=8.834=10.773=10.235=8.834=6.68=4.525=2.37,0=0=0=0=0=0=0=0=0=0,0.2800=0.4200=0.5600=0.7000=0.5600=0.4200=0.2800=0.2800=0.2800=0.2800,16.2000=32.4000=56.7000=81.0000=56.7000=32.4000=16.2000=16.2000=16.2000=16.2000,1,1,0.952,0.952,0.952,0.952,0.952,0.952,0.702,0.952,0.952,0.952,1,0.952,0.702,1,0.952,0.702,0.952,0.702,0.702,0.952,8,30,540.0,139.0,0,0=0=0=0=0=0=0=0=0=0,0.0000=0.0000=0.0000=0.0000=0.0000=0.0000=0.0000=0.0000=0.0000=0.0000,0.0000=0.0000=0.0000=0.0000=0.0000=0.0000=0.0000=0.0000=0.0000=0.0000,0,0=0=0=0=0=0=0=0=0=0,0,0,1.5,8.1000=8.1000=8.1000=8.1000=8.1000=8.1000=8.1000=8.1000=8.1000=8.1000,0.0000=0.0000=0.0000=0.0000=0.0000=0.0000=0.0000=0.0000=0.0000=0.0000,8.1000=16.2000=28.3500=40.5000=28.3500=16.2000=8.1000=8.1000=8.1000=8.1000,16.2000=32.4000=56.7000=81.0000=56.7000=32.4000=16.2000=16.2000=16.2000=16.2000,22.5000=90.0000=157.5000=225.0000=157.5000=90.0000=22.5000=22.5000=22.5000=22.5000,0.0000=0.0000=0.0000=0.0000=0.0000=0.0000=0.0000=0.0000=0.0000=0.0000,22.5000=45.0000=78.7500=112.5000=78.7500=45.0000=22.5000=22.5000=22.5000=22.5000
补给舰,现代,120000,0.002,0.005,6,53.174,0.8250=1.0500=1.2750=1.5000=1.2750=1.0500=0.8250=0.6000=0.3750=0.3000,61.8750=78.7500=95.6250=112.5000=95.6250=78.7500=61.8750=56.2500=56.2500=56.2500,0.0,0.2500=0.2500=0.2500=0.2500=0.2500=0.2500=0.2500=0.2500=0.2500=0.2500,0.0500=0.0500=0.0500=0.0500=0.0500=0.0500=0.0500=0.0500=0.0500=0.0500,0.1250=0.1250=0.1250=0.1250=0.1250=0.1250=0.1250=0.1250=0.1250=0.1250,72,0.864,0.002=0.005=0.013=0.022=0.032=0.04=0.036=0.028=0.018=0.009,0.2800=0.4200=0.5600=0.7000=0.5600=0.4200=0.2800=0.2800=0.2800=0.2800,0=0=0=0=0=0=0=0=0=0,0=0=0=0=0=0=0=0=0=0,0.022=0.041=0.061=0.08=0.098=0.093=0.08=0.061=0.041=0.022,3.55=6.778=10.005=13.233=16.138=15.331=13.233=10.005=6.778=3.55,0=0=0=0=0=0=0=0=0=0,0.2800=0.4200=0.5600=0.7000=0.5600=0.4200=0.2800=0.2800=0.2800=0.2800,27.0000=54.0000=94.5000=135.0000=94.5000=54.0000=27.0000=27.0000=27.0000=27.0000,1,1,0.98,0.98,0.98,0.98,0.98,0.98,0.73,0.98,0.98,0.98,1,0.98,0.73,1,0.98,0.73,0.98,0.73,0.73,0.98,8,35,900.0,158.8,0,0=0=0=0=0=0=0=0=0=0,0.0000=0.0000=0.0000=0.0000=0.0000=0.0000=0.0000=0.0000=0.0000=0.0000,0.0000=0.0000=0.0000=0.0000=0.0000=0.0000=0.0000=0.0000=0.0000=0.0000,0,0=0=0=0=0=0=0=0=0=0,0,0,2.5,13.5000=13.5000=13.5000=13.5000=13.5000=13.5000=13.5000=13.5000=13.5000=13.5000,0.0000=0.0000=0.0000=0.0000=0.0000=0.0000=0.0000=0.0000=0.0000=0.0000,13.5000=27.0000=47.2500=67.5000=47.2500=27.0000=13.5000=13.5000=13.5000=13.5000,27.0000=54.0000=94.5000=135.0000=94.5000=54.0000=27.0000=27.0000=27.0000=27.0000,37.5000=150.0000=262.5000=375.0000=262.5000=150.0000=37.5000=37.5000=37.5000=37.5000,0.0000=0.0000=0.0000=0.0000=0.0000=0.0000=0.0000=0.0000=0.0000=0.0000,37.5000=75.0000=131.2500=187.5000=131.2500=75.0000=37.5000=37.5000=37.5000=37.5000
两栖攻击舰,冷战,150000,0.002,0.005,18,46.787,1.0800=1.4850=1.8900=2.2950=2.7000=2.2950=1.8900=1.4850=1.0800=0.6750,337.5000=371.2500=472.5000=573.7500=675.0000=573.7500=472.5000=371.2500=337.5000=337.5000,45.0,0.1500=0.1500=0.1500=0.1500=0.1500=0.1500=0.1500=0.1500=0.1500=0.1500,0.0300=0.0300=0.0300=0.0300=0.0300=0.0300=0.0300=0.0300=0.0300=0.0300,0.0750=0.0750=0.0750=0.0750=0.0750=0.0750=0.0750=0.0750=0.0750=0.0750,6525,78.3,0.001=0.003=0.009=0.016=0.023=0.029=0.026=0.02=0.013=0.006,0.2000=0.2000=0.3000=0.4000=0.5000=0.4000=0.3000=0.2000=0.2000=0.2000,0=0=0=0=0=0=0=0=0=0,0=0=0=0=0=0=0=0=0=0,0.016=0.03=0.044=0.058=0.071=0.067=0.058=0.044=0.03=0.016,6.988=13.34=19.692=26.044=31.761=30.173=26.044=19.692=13.34=6.988,0=0=0=0=0=0=0=0=0=0,0.2000=0.2000=0.3000=0.4000=0.5000=0.4000=0.3000=0.2000=0.2000=0.2000,48.6000=60.7500=121.5000=182.2500=243.0000=182.2500=121.5000=60.7500=48.6000=48.6000,1,1,0.952,0.952,0.952,0.952,0.952,0.952,0.702,0.952,0.952,0.952,1,0.952,0.702,1,0.952,0.702,0.952,0.702,0.702,0.952,25,40,6480.0,144.4,1,0=0=0=0=0=0=0=0=0=0,0.0000=0.0000=0.0000=0.0000=0.0000=0.0000=0.0000=0.0000=0.0000=0.0000,0.0000=0.0000=0.0000=0.0000=0.0000=0.0000=0.0000=0.0000=0.0000=0.0000,0,0=0=0=0=0=0=0=0=0=0,0,0,3.5,12.1500=12.1500=12.1500=12.1500=12.1500=12.1500=12.1500=12.1500=12.1500=12.1500,0.0000=0.0000=0.0000=0.0000=0.0000=0.0000=0.0000=0.0000=0.0000=0.0000,12.1500=15.1875=30.3750=45.5625=60.7500=45.5625=30.3750=15.1875=12.1500=12.1500,48.6000=60.7500=121.5000=182.2500=243.0000=182.2500=121.5000=60.7500=48.6000=48.6000,67.5000=168.7500=337.5000=506.2500=675.0000=506.2500=337.5000=168.7500=67.5000=67.5000,81.0000=111.3750=141.7500=172.1250=202.5000=172.1250=141.7500=111.3750=81.0000=60.7500,67.5000=84.3750=168.7500=253.1250=337.5000=253.1250=168.7500=84.3750=67.5000=67.5000
两栖攻击舰,现代,500000,0.002,0.005,18,54.538,1.8000=2.4750=3.1500=3.8250=4.5000=3.8250=3.1500=2.4750=1.8000=1.1250,562.5000=618.7500=787.5000=956.2500=1125.0000=956.2500=787.5000=618.7500=562.5000=562.5000,75.0,0.2500=0.2500=0.2500=0.2500=0.2500=0.2500=0.2500=0.2500=0.2500=0.2500,0.0500=0.0500=0.0500=0.0500=0.0500=0.0500=0.0500=0.0500=0.0500=0.0500,0.1250=0.1250=0.1250=0.1250=0.1250=0.1250=0.1250=0.1250=0.1250=0.1250,3,0.036,0.002=0.005=0.013=0.022=0.032=0.04=0.036=0.028=0.018=0.009,0.2000=0.2000=0.3000=0.4000=0.5000=0.4000=0.3000=0.2000=0.2000=0.2000,0=0=0=0=0=0=0=0=0=0,0=0=0=0=0=0=0=0=0=0,0.022=0.041=0.061=0.08=0.098=0.093=0.08=0.061=0.041=0.022,10.558=20.157=29.755=39.353=47.992=45.592=39.353=29.755=20.157=10.558,0=0=0=0=0=0=0=0=0=0,0.2000=0.2000=0.3000=0.4000=0.5000=0.4000=0.3000=0.2000=0.2000=0.2000,81.0000=101.2500=202.5000=303.7500=405.0000=303.7500=202.5000=101.2500=81.0000=81.0000,1,1,0.98,0.98,0.98,0.98,0.98,0.98,0.73,0.98,0.98,0.98,1,0.98,0.73,1,0.98,0.73,0.98,0.73,0.73,0.98,25,45,10800.0,165.3,1,0=0=0=0=0=0=0=0=0=0,0.0000=0.0000=0.0000=0.0000=0.0000=0.0000=0.0000=0.0000=0.0000=0.0000,0.0000=0.0000=0.0000=0.0000=0.0000=0.0000=0.0000=0.0000=0.0000=0.0000,0,0=0=0=0=0=0=0=0=0=0,0,0,4.5,20.2500=20.2500=20.2500=20.2500=20.2500=20.2500=20.2500=20.2500=20.2500=20.2500,0.0000=0.0000=0.0000=0.0000=0.0000=0.0000=0.0000=0.0000=0.0000=0.0000,20.2500=25.3125=50.6250=75.9375=101.2500=75.9375=50.6250=25.3125=20.2500=20.2500,81.0000=101.2500=202.5000=303.7500=405.0000=303.7500=202.5000=101.2500=81.0000=81.0000,112.5000=281.2500=562.5000=843.7500=1125.0000=843.7500=562.5000=281.2500=112.5000=112.5000,135.0000=185.6250=236.2500=286.8750=337.5000=286.8750=236.2500=185.6250=135.0000=101.2500,112.5000=140.6250=281.2500=421.8750=562.5000=421.8750=281.2500=140.6250=112.5000=112.5000
运输船,一战,5000,0.002,0.005,4,35.14,0.0960=0.1320=0.1680=0.2040=0.2400=0.2040=0.1680=0.1320=0.0960=0.0600,30.0000=33.0000=42.0000=51.0000=60.0000=51.0000=42.0000=33.0000=30.0000=30.0000,12.0,0.0600=0.0600=0.0600=0.0600=0.0600=0.0600=0.0600=0.0600=0.0600=0.0600,0.0120=0.0120=0.0120=0.0120=0.0120=0.0120=0.0120=0.0120=0.0120=0.0120,0.0300=0.0300=0.0300=0.0300=0.0300=0.0300=0.0300=0.0300=0.0300=0.0300,112.5,1.35,0.001=0.002=0.005=0.008=0.012=0.015=0.014=0.01=0.007=0.003,0.2800=0.2800=0.4200=0.5600=0.7000=0.5600=0.4200=0.2800=0.2800=0.2800,0=0=0=0=0=0=0=0=0=0,0=0=0=0=0=0=0=0=0=0,0.008=0.015=0.023=0.03=0.037=0.035=0.03=0.023=0.015=0.008,0.99=1.89=2.79=3.69=4.5=4.275=3.69=2.79=1.89=0.99,0=0=0=0=0=0=0=0=0=0,0.2800=0.2800=0.4200=0.5600=0.7000=0.5600=0.4200=0.2800=0.2800=0.2800,2.1600=2.7000=5.4000=8.1000=10.8000=8.1000=5.4000=2.7000=2.1600=2.1600,0.978,0.978,0.918,0.918,0.918,0.918,0.918,0.918,0.668,0.918,0.918,0.918,0.978,0.918,0.668,0.978,0.918,0.668,0.918,0.668,0.668,0.918,5,15,288.0,109.5,0,0=0=0=0=0=0=0=0=0=0,0.0000=0.0000=0.0000=0.0000=0.0000=0.0000=0.0000=0.0000=0.0000=0.0000,0.0000=0.0000=0.0000=0.0000=0.0000=0.0000=0.0000=0.0000=0.0000=0.0000,0,0=0=0=0=0=0=0=0=0=0,0,0,0.8,2.1600=2.1600=2.1600=2.1600=2.1600=2.1600=2.1600=2.1600=2.1600=2.1600,0.0000=0.0000=0.0000=0.0000=0.0000=0.0000=0.0000=0.0000=0.0000=0.0000,2.1600=2.7000=5.4000=8.1000=10.8000=8.1000=5.4000=2.7000=2.1600=2.1600,2.1600=2.7000=5.4000=8.1000=10.8000=8.1000=5.4000=2.7000=2.1600=2.1600,6.0000=15.0000=30.0000=45.0000=60.0000=45.0000=30.0000=15.0000=6.0000=6.0000,0.0000=0.0000=0.0000=0.0000=0.0000=0.0000=0.0000=0.0000=0.0000=0.0000,6.0000=7.5000=15.0000=22.5000=30.0000=22.5000=15.0000=7.5000=6.0000=6.0000
运输船,二战,7000,0.002,0.005,4,38.461,0.1600=0.2200=0.2800=0.3400=0.4000=0.3400=0.2800=0.2200=0.1600=0.1000,50.0000=55.0000=70.0000=85.0000=100.0000=85.0000=70.0000=55.0000=50.0000=50.0000,20.0,0.1000=0.1000=0.1000=0.1000=0.1000=0.1000=0.1000=0.1000=0.1000=0.1000,0.0200=0.0200=0.0200=0.0200=0.0200=0.0200=0.0200=0.0200=0.0200=0.0200,0.0500=0.0500=0.0500=0.0500=0.0500=0.0500=0.0500=0.0500=0.0500=0.0500,21,0.252,0.001=0.002=0.006=0.011=0.016=0.02=0.018=0.014=0.009=0.004,0.2800=0.2800=0.4200=0.5600=0.7000=0.5600=0.4200=0.2800=0.2800=0.2800,0=0=0=0=0=0=0=0=0=0,0=0=0=0=0=0=0=0=0=0,0.011=0.021=0.03=0.04=0.049=0.047=0.04=0.03=0.021=0.011,1.368=2.612=3.856=5.099=6.219=5.908=5.099=3.856=2.612=1.368,0=0=0=0=0=0=0=0=0=0,0.2800=0.2800=0.4200=0.5600=0.7000=0.5600=0.4200=0.2800=0.2800=0.2800,3.6000=4.5000=9.0000=13.5000=18.0000=13.5000=9.0000=4.5000=3.6000=3.6000,0.99,0.99,0.93,0.93,0.93,0.93,0.93,0.93,0.68,0.93,0.93,0.93,0.99,0.93,0.68,0.99,0.93,0.68,0.93,0.68,0.68,0.93,5,20,480.0,118.0,0,0=0=0=0=0=0=0=0=0=0,0.0000=0.0000=0.0000=0.0000=0.0000=0.0000=0.0000=0.0000=0.0000=0.0000,0.0000=0.0000=0.0000=0.0000=0.0000=0.0000=0.0000=0.0000=0.0000=0.0000,0,0=0=0=0=0=0=0=0=0=0,0,0,1.2,3.6000=3.6000=3.6000=3.6000=3.6000=3.6000=3.6000=3.6000=3.6000=3.6000,0.0000=0.0000=0.0000=0.0000=0.0000=0.0000=0.0000=0.0000=0.0000=0.0000,3.6000=4.5000=9.0000=13.5000=18.0000=13.5000=9.0000=4.5000=3.6000=3.6000,3.6000=4.5000=9.0000=13.5000=18.0000=13.5000=9.0000=4.5000=3.6000=3.6000,10.0000=25.0000=50.0000=75.0000=100.0000=75.0000=50.0000=25.0000=10.0000=10.0000,0.0000=0.0000=0.0000=0.0000=0.0000=0.0000=0.0000=0.0000=0.0000=0.0000,10.0000=12.5000=25.0000=37.5000=50.0000=37.5000=25.0000=12.5000=10.0000=10.0000
运输船,冷战,25000,0.002,0.005,4,45.076,0.2400=0.3300=0.4200=0.5100=0.6000=0.5100=0.4200=0.3300=0.2400=0.1500,75.0000=82.5000=105.0000=127.5000=150.0000=127.5000=105.0000=82.5000=75.0000=75.0000,30.0,0.1500=0.1500=0.1500=0.1500=0.1500=0.1500=0.1500=0.1500=0.1500=0.1500,0.0300=0.0300=0.0300=0.0300=0.0300=0.0300=0.0300=0.0300=0.0300=0.0300,0.0750=0.0750=0.0750=0.0750=0.0750=0.0750=0.0750=0.0750=0.0750=0.0750,1087.5,13.05,0.001=0.003=0.009=0.016=0.023=0.029=0.026=0.02=0.013=0.006,0.2800=0.2800=0.4200=0.5600=0.7000=0.5600=0.4200=0.2800=0.2800=0.2800,0=0=0=0=0=0=0=0=0=0,0=0=0=0=0=0=0=0=0=0,0.016=0.03=0.044=0.058=0.071=0.067=0.058=0.044=0.03=0.016,2.248=4.292=6.335=8.379=10.218=9.707=8.379=6.335=4.292=2.248,0=0=0=0=0=0=0=0=0=0,0.2800=0.2800=0.4200=0.5600=0.7000=0.5600=0.4200=0.2800=0.2800=0.2800,5.4000=6.7500=13.5000=20.2500=27.0000=20.2500=13.5000=6.7500=5.4000=5.4000,1,1,0.952,0.952,0.952,0.952,0.952,0.952,0.702,0.952,0.952,0.952,1,0.952,0.702,1,0.952,0.702,0.952,0.702,0.702,0.952,5,25,720.0,136.3,0,0=0=0=0=0=0=0=0=0=0,0.0000=0.0000=0.0000=0.0000=0.0000=0.0000=0.0000=0.0000=0.0000=0.0000,0.0000=0.0000=0.0000=0.0000=0.0000=0.0000=0.0000=0.0000=0.0000=0.0000,0,0=0=0=0=0=0=0=0=0=0,0,0,2,5.4000=5.4000=5.4000=5.4000=5.4000=5.4000=5.4000=5.4000=5.4000=5.4000,0.0000=0.0000=0.0000=0.0000=0.0000=0.0000=0.0000=0.0000=0.0000=0.0000,5.4000=6.7500=13.5000=20.2500=27.0000=20.2500=13.5000=6.7500=5.4000=5.4000,5.4000=6.7500=13.5000=20.2500=27.0000=20.2500=13.5000=6.7500=5.4000=5.4000,15.0000=37.5000=75.0000=112.5000=150.0000=112.5000=75.0000=37.5000=15.0000=15.0000,0.0000=0.0000=0.0000=0.0000=0.0000=0.0000=0.0000=0.0000=0.0000=0.0000,15.0000=18.7500=37.5000=56.2500=75.0000=56.2500=37.5000=18.7500=15.0000=15.0000
两栖登陆舰,现代,150000,0.002,0.005,10,53.387,1.3750=1.7500=2.1250=2.5000=2.1250=1.7500=1.3750=1.0000=0.6250=0.5000,275.0000=350.0000=425.0000=500.0000=425.0000=350.0000=275.0000=250.0000=250.0000=250.0000,50.0,0.2500=0.2500=0.2500=0.2500=0.2500=0.2500=0.2500=0.2500=0.2500=0.2500,0.0500=0.0500=0.0500=0.0500=0.0500=0.0500=0.0500=0.0500=0.0500=0.0500,0.1250=0.1250=0.1250=0.1250=0.1250=0.1250=0.1250=0.1250=0.1250=0.1250,9,0.108,0.002=0.005=0.013=0.022=0.032=0.04=0.036=0.028=0.018=0.009,0.2800=0.4200=0.5600=0.7000=0.5600=0.4200=0.2800=0.2800=0.2800=0.2800,0=0=0=0=0=0=0=0=0=0,0=0=0=0=0=0=0=0=0=0,0.022=0.041=0.061=0.08=0.098=0.093=0.08=0.061=0.041=0.022,3.614=6.9=10.186=13.471=16.428=15.607=13.471=10.186=6.9=3.614,0=0=0=0=0=0=0=0=0=0,0.2800=0.4200=0.5600=0.7000=0.5600=0.4200=0.2800=0.2800=0.2800=0.2800,45.0000=90.0000=157.5000=225.0000=157.5000=90.0000=45.0000=45.0000=45.0000=45.0000,1,1,0.98,0.98,0.98,0.98,0.98,0.98,0.73,0.98,0.98,0.98,1,0.98,0.73,1,0.98,0.73,0.98,0.73,0.73,0.98,14,35,4500.0,159.8,0,0=0=0=0=0=0=0=0=0=0,0.0000=0.0000=0.0000=0.0000=0.0000=0.0000=0.0000=0.0000=0.0000=0.0000,0.0000=0.0000=0.0000=0.0000=0.0000=0.0000=0.0000=0.0000=0.0000=0.0000,0,0=0=0=0=0=0=0=0=0=0,0,0,2,22.5000=22.5000=22.5000=22.5000=22.5000=22.5000=22.5000=22.5000=22.5000=22.5000,0.0000=0.0000=0.0000=0.0000=0.0000=0.0000=0.0000=0.0000=0.0000=0.0000,22.5000=45.0000=78.7500=112.5000=78.7500=45.0000=22.5000=22.5000=22.5000=22.5000,45.0000=90.0000=157.5000=225.0000=157.5000=90.0000=45.0000=45.0000=45.0000=45.0000,62.5000=250.0000=437.5000=625.0000=437.5000=250.0000=62.5000=62.5000=62.5000=62.5000,0.0000=0.0000=0.0000=0.0000=0.0000=0.0000=0.0000=0.0000=0.0000=0.0000,62.5000=125.0000=218.7500=312.5000=218.7500=125.0000=62.5000=62.5000=62.5000=62.5000
